Semester Taken,ID,Mathrecommendation,Adjusted Score,Score
SP2017,1A1F5930D,MATH115,512,17
SP2017,27F0A36DB,MATH115,210,12
SP2017,293F23611,MATH120,1216,28
SP2017,3B9EC7D3,MATH120,1113,24
SP2017,3BA0EB0D,MATH120,1115,26
SP2017,3BA3DCC3,MATH120,1616,32
SP2017,3BA4388F,MATH115,411,15
SP2017,3BA565B1,MATH120,1713,30
SP2017,3BA76A69,MATH115,713,20
SP2017,3BA964BD,MATH120,1616,32
SP2017,3BA97F4D,MATH120,1313,26
SP2017,3BA9BE31,MATH120,1716,33
SP2017,3BAAEBE9,MATH120,1513,28
SP2017,3BAB0273,MATH120,1614,30
SP2017,3BAB3F9F,MATH120,1216,28
SP2017,3BABCAE1,MATH120,1115,26
SP2017,3BAC10CD,MATH120,1916,35
SP2017,3BACD643,MATH120,1814,32
SP2017,3BACDACB,MATH120,1216,28
SP2017,3BAD4547,MATH115,510,15
SP2017,3BAD4CC7,MATH120,1616,32
SP2017,3D8912B5,MATH120,1112,23
SP2017,3FD5BC0D,MATH120,912,21
SP2017,3FD60753,MATH120,1015,25
SP2017,3FD6467D,MATH115,110,11
SP2017,3FD65357,MATH120,1214,26
SP2017,3FD67E77,MATH112,508,13
SP2017,3FD69E11,MATH120,1616,32
SP2017,3FD74C8F,MATH120,2016,36
SP2017,3FD780C9,MATH112,508,13
SP2017,3FD7A9F5,MATH120,1416,30
SP2017,3FD7AE5F,MATH120,1816,34
SP2017,3FD7AEEB,MATH112,505,10
SP2017,3FD7B5A3,MATH120,1816,34
SP2017,3FD7B927,MATH120,1013,23
SP2017,3FD7BF21,MATH120,1216,28
SP2017,3FD7C2A5,MATH120,1111,22
SP2017,3FD7C6A1,MATH120,912,21
SP2017,3FD7C83B,MATH115,309,12
SP2017,3FD7D907,MATH120,1113,24
SP2017,3FD7EE8D,MATH115,709,16
SP2017,3FD7F4CD,MATH120,1212,24
SP2017,3FD7F7CF,MATH120,1515,30
SP2017,3FD7F83D,MATH120,1615,31
SP2017,3FD7FA09,MATH120,811,19
SP2017,3FD7FDDD,MATH112,506,11
SP2017,3FD80017,MATH115,714,21
SP2017,3FD800D5,MATH120,1212,24
SP2017,3FD8023D,MATH120,806,14
SP2017,3FD80387,MATH120,910,19
SP2017,3FD8043B,MATH120,1414,28
SP2017,3FD8053F,MATH120,1113,24
SP2017,3FD8067F,MATH120,1313,26
SP2017,3FD807B5,MATH112,408,12
SP2017,3FD80BD9,MATH112,708,15
SP2017,3FD80C33,MATH120,808,16
SP2017,3FD80C51,MATH120,806,14
SP2017,3FD80C8D,MATH120,914,23
SP2017,3FD80EBD,MATH120,814,22
SP2017,3FD80F3F,MATH112,705,12
SP2017,3FD8107F,MATH115,412,16
SP2017,3FD81093,MATH120,813,21
SP2017,3FD814FD,MATH120,1115,26
SP2017,3FD81665,MATH115,714,21
SP2017,3FD819B7,MATH120,1516,31
SP2017,3FD81A43,MATH120,813,21
SP2017,3FD81AD9,MATH120,1114,25
SP2017,3FD81E5D,MATH120,1816,34
SP2017,3FD821FF,MATH120,1813,31
SP2017,3FD8232B,MATH115,709,16
SP2017,3FD824ED,MATH120,1415,29
SP2017,3FD8251F,MATH120,813,21
SP2017,3FD82C9F,MATH120,1211,23
SP2017,3FD82E07,MATH115,713,20
SP2017,3FD830AF,MATH120,1115,26
SP2017,3FD830C3,MATH120,1212,24
SP2017,3FD83267,MATH120,1216,28
SP2017,3FD834AB,MATH115,411,15
SP2017,3FD834BF,MATH120,1014,24
SP2017,3FD83901,MATH120,1716,33
SP2017,3FD84365,MATH120,1114,25
SP2017,3FD84531,MATH115,709,16
SP2017,3FD84BB7,MATH115,612,18
SP2017,3FD84C61,MATH120,1012,22
SP2017,3FD84E87,MATH120,914,23
SP2017,3FD84FA9,MATH115,611,17
SP2017,3FD8566B,MATH120,1411,25
SP2017,3FD8584B,MATH120,1816,34
SP2017,3FD85D23,MATH120,2016,36
SP2017,3FD861F1,MATH115,513,18
SP2017,3FD86313,MATH120,1212,24
SP2017,3FD8640D,MATH120,1113,24
SP2017,3FD864FD,MATH120,1515,30
SP2017,3FD86AF7,MATH115,411,15
SP2017,3FD86CAF,MATH120,1012,22
SP2017,3FD87047,MATH120,1211,23
SP2017,3FD87137,MATH120,813,21
SP2017,3FD87BD7,MATH120,1312,25
SP2017,3FD88CFD,MATH120,1416,30
SP2017,3FD89045,MATH115,512,17
SP2017,3FD89A63,MATH115,309,12
SP2017,3FD89E4B,MATH120,1516,31
SP2017,3FD8D767,MATH120,1816,34
SP2017,3FD8D933,MATH120,1916,35
SP2017,3FD8EC89,MATH120,1416,30
SP2017,3FD8EDF1,MATH120,814,22
SP2017,3FD8FA49,MATH120,1415,29
SP2017,3FD906B5,MATH120,1413,27
SP2017,3FD90719,MATH120,1515,30
SP2017,3FD90999,MATH120,1412,26
SP2017,3FD90F25,MATH120,911,20
SP2017,3FD91709,MATH115,709,16
SP2017,3FD91821,MATH120,1216,28
SP2017,3FD92CCB,MATH120,1215,27
SP2017,3FD93B17,MATH112,407,11
SP2017,3FD93BE9,MATH120,813,21
SP2017,3FD94FDF,MATH120,1013,23
SP2017,3FD97F7D,MATH120,1315,28
SP2017,3FD98883,MATH120,803,11
SP2017,3FD99585,MATH115,710,17
SP2017,3FD99AD5,MATH120,1010,20
SP2017,3FD9A291,MATH120,812,20
SP2017,3FD9A4D5,MATH112,508,13
SP2017,3FD9AB97,MATH120,1413,27
SP2017,3FD9ACCD,MATH115,709,16
SP2017,3FD9B4C5,MATH120,809,17
SP2017,3FD9B79F,MATH120,1612,28
SP2017,3FD9B8CB,MATH115,211,13
SP2017,3FD9B907,MATH120,1013,23
SP2017,3FD9CE3D,MATH120,1214,26
SP2017,3FD9D7BB,MATH115,611,17
SP2017,3FD9EFE9,MATH120,1312,25
SP2017,3FD9FF2F,MATH120,1314,27
SP2017,3FDA00F1,MATH120,1214,26
SP2017,3FDA05DD,MATH120,1716,33
SP2017,3FDA071D,MATH112,304,7
SP2017,3FDA073B,MATH120,1009,19
SP2017,3FDA0989,MATH120,1014,24
SP2017,3FDA0DF3,MATH115,612,18
SP2017,3FDA1F87,MATH120,913,22
SP2017,3FDA4291,MATH112,408,12
SP2017,3FDA4DF9,MATH120,1514,29
SP2017,3FDA4FCF,MATH115,612,18
SP2017,3FDA500B,MATH112,304,7
SP2017,3FDA50A1,MATH120,1916,35
SP2017,3FDA5D85,MATH120,1816,34
SP2017,3FDA5DD5,MATH120,1316,29
SP2017,3FDA71E9,MATH120,1214,26
SP2017,3FDA7A31,MATH120,2016,36
SP2017,3FDA8071,MATH120,812,20
SP2017,3FDA85B7,MATH120,810,18
SP2017,3FDA9327,MATH112,507,12
SP2017,3FDAADF3,MATH120,1313,26
SP2017,3FDAB75D,MATH115,414,18
SP2017,3FDABACD,MATH120,1414,28
SP2017,3FDABB63,MATH120,910,19
SP2017,3FDAC941,MATH120,1916,35
SP2017,3FDACE41,MATH115,712,19
SP2017,3FDAD78D,MATH120,1614,30
SP2017,3FDADA03,MATH120,1015,25
SP2017,3FDAF15F,MATH120,1515,30
SP2017,3FDAF3CB,MATH120,1612,28
SP2017,3FDAFB73,MATH115,714,21
SP2017,3FDAFD2B,MATH120,1415,29
SP2017,3FDAFFBF,MATH115,511,16
SP2017,3FDB0465,MATH120,809,17
SP2017,3FDB0F37,MATH115,410,14
SP2017,3FDB17ED,MATH115,713,20
SP2017,3FDB1C6B,MATH120,1716,33
SP2017,3FDB2111,MATH120,1414,28
SP2017,3FDB8ED5,MATH120,1013,23
SP2017,3FDBD809,MATH120,810,18
SP2017,3FDBF68B,MATH120,811,19
SP2017,3FDC11A7,MATH120,815,23
SP2017,3FDC2679,MATH115,712,19
SP2017,3FDC45D7,MATH120,1313,26
SP2017,3FDC7237,MATH120,811,19
SP2017,3FDC7ED5,MATH112,206,8
SP2017,3FDC8407,MATH120,1412,26
SP2017,3FDC9825,MATH120,1814,32
SP2017,3FDCC4C1,MATH115,510,15
SP2017,3FDD34C9,MATH120,911,20
SP2017,3FDD3CFD,MATH120,1714,31
SP2017,3FDD89B5,MATH120,1816,34
SP2017,3FDD909F,MATH115,311,14
SP2017,3FDDA3D7,MATH120,1215,27
SP2017,3FDDE6C1,MATH120,1613,29
SP2017,3FDE0F43,MATH120,1815,33
SP2017,3FDE24C9,MATH120,1113,24
SP2017,3FDE257D,MATH120,1214,26
SP2017,3FDE43D7,MATH120,1015,25
SP2017,3FDE4D2D,MATH120,1115,26
SP2017,3FDE5CCD,MATH120,1816,34
SP2017,3FDE9A35,MATH120,1015,25
SP2017,3FDEA075,MATH120,813,21
SP2017,3FDEB8DF,MATH120,1014,24
SP2017,3FDECF4B,MATH115,615,21
SP2017,3FDECF5F,MATH120,2016,36
SP2017,3FDED06D,MATH120,910,19
SP2017,3FDEF719,MATH120,1012,22
SP2017,3FDEFD77,MATH115,610,16
SP2017,3FDF0321,MATH120,812,20
SP2017,3FDF032B,MATH120,914,23
SP2017,3FDF472D,MATH120,915,24
SP2017,3FDF4B01,MATH115,611,17
SP2017,3FDF5015,MATH120,1514,29
SP2017,3FDF5BB9,MATH120,914,23
SP2017,3FDF6E5B,MATH115,713,20
SP2017,3FDF9769,MATH120,1514,29
SP2017,3FDFAB05,MATH120,913,22
SP2017,3FDFAB73,MATH120,1013,23
SP2017,3FDFDF71,MATH115,511,16
SP2017,3FDFE075,MATH120,1515,30
SP2017,3FDFE6B5,MATH120,1615,31
SP2017,3FDFE8C7,MATH120,1115,26
SP2017,3FDFFBD7,MATH120,1715,32
SP2017,3FE0059B,MATH120,914,23
SP2017,3FE015B3,MATH120,1310,23
SP2017,3FE02AF3,MATH115,709,16
SP2017,3FE03719,MATH120,1411,25
SP2017,3FE0438F,MATH115,612,18
SP2017,3FE068BF,MATH120,1614,30
SP2017,3FE069F5,MATH120,1515,30
SP2017,3FE06F09,MATH120,1009,19
SP2017,3FE071ED,MATH120,813,21
SP2017,3FE076F7,MATH120,1316,29
SP2017,3FE07F53,MATH120,1615,31
SP2017,3FE0875F,MATH120,1112,23
SP2017,3FE08CCD,MATH115,510,15
SP2017,3FE0A1D1,MATH120,1513,28
SP2017,3FE0AF0F,MATH120,1215,27
SP2017,3FE0B8F1,MATH120,810,18
SP2017,3FE0C7A1,MATH115,610,16
SP2017,3FE0CD69,MATH115,510,15
SP2017,3FE0D5ED,MATH120,1514,29
SP2017,3FE0E01F,MATH115,714,21
SP2017,3FE0E259,MATH120,1716,33
SP2017,3FE0E3C1,MATH120,1714,31
SP2017,3FE0FB1D,MATH115,611,17
SP2017,3FE0FD61,MATH120,1114,25
SP2017,3FE10C4D,MATH120,810,18
SP2017,3FE11099,MATH120,913,22
SP2017,3FE12D8B,MATH120,813,21
SP2017,3FE12E5D,MATH112,106,7
SP2017,3FE14005,MATH120,1716,33
SP2017,3FE1491F,MATH120,1016,26
SP2017,3FE15A6D,MATH112,607,13
SP2017,3FE16265,MATH120,1412,26
SP2017,3FE178D1,MATH115,710,17
SP2017,3FE181C3,MATH120,1415,29
SP2017,3FE181F5,MATH120,912,21
SP2017,3FE18259,MATH120,1815,33
SP2017,3FE1864B,MATH120,1315,28
SP2017,3FE1919F,MATH120,811,19
SP2017,3FE1928F,MATH120,1415,29
SP2017,3FE1A15D,MATH115,312,15
SP2017,3FE1A419,MATH120,1815,33
SP2017,3FE1C101,MATH120,1012,22
SP2017,3FE1C309,MATH115,509,14
SP2017,3FE1C7CD,MATH120,1010,20
SP2017,3FE1CA43,MATH112,407,11
SP2017,3FE1D051,MATH115,310,13
SP2017,3FE1D3D5,MATH112,506,11
SP2017,3FE1EF73,MATH120,812,20
SP2017,3FE1F581,MATH120,1316,29
SP2017,3FE1FED7,MATH115,615,21
SP2017,3FE2023D,MATH120,1113,24
SP2017,3FE203F5,MATH115,509,14
SP2017,3FE21697,MATH120,813,21
SP2017,3FE21EB7,MATH120,813,21
SP2017,3FE22DE9,MATH120,1412,26
SP2017,3FE2372B,MATH120,1212,24
SP2017,3FE247D9,MATH115,711,18
SP2017,3FE24EB9,MATH115,212,14
SP2017,3FE2591D,MATH115,12,12
SP2017,3FE26683,MATH115,513,18
SP2017,3FE26BDD,MATH120,1815,33
SP2017,3FE272EF,MATH112,506,11
SP2017,3FE28785,MATH120,1716,33
SP2017,3FE28D1B,MATH112,507,12
SP2017,3FE29301,MATH120,1514,29
SP2017,3FE29699,MATH120,814,22
SP2017,3FE2A0B7,MATH120,1216,28
SP2017,3FE2A8FF,MATH115,510,15
SP2017,3FE2A96D,MATH120,1216,28
SP2017,3FE2A995,MATH120,1314,27
SP2017,3FE2AE81,MATH120,1416,30
SP2017,3FE2B057,MATH120,1012,22
SP2017,3FE2BA39,MATH115,711,18
SP2017,3FE2BB01,MATH115,711,18
SP2017,3FE2BB0B,MATH120,1512,27
SP2017,3FE2C35D,MATH120,1816,34
SP2017,3FE2C713,MATH120,1715,32
SP2017,3FE2CCBD,MATH112,706,13
SP2017,3FE2DB45,MATH115,611,17
SP2017,3FE2E2F7,MATH120,1009,19
SP2017,3FE2EE7D,MATH115,311,14
SP2017,3FE2EEAF,MATH120,804,12
SP2017,3FE2F0C1,MATH120,1015,25
SP2017,3FE301D3,MATH120,1715,32
SP2017,3FE304D5,MATH120,1212,24
SP2017,3FE30511,MATH120,1214,26
SP2017,3FE3065B,MATH120,1814,32
SP2017,3FE3072D,MATH120,1415,29
SP2017,3FE307AF,MATH120,1513,28
SP2017,3FE307C3,MATH120,1616,32
SP2017,3FE3084F,MATH120,1815,33
SP2017,3FE30863,MATH120,1514,29
SP2017,3FE30949,MATH115,614,20
SP2017,3FE30A89,MATH120,1109,20
SP2017,3FE30B3D,MATH120,1114,25
SP2017,3FE30BD3,MATH120,1314,27
SP2017,3FE30D9F,MATH115,410,14
SP2017,3FE30DBD,MATH120,1115,26
SP2017,3FE30E71,MATH120,812,20
SP2017,3FE30FCF,MATH120,1511,26
SP2017,3FE310DD,MATH120,914,23
SP2017,3FE3110F,MATH120,1013,23
SP2017,3FE31123,MATH120,1415,29
SP2017,3FE31295,MATH115,410,14
SP2017,3FE312C7,MATH120,1313,26
SP2017,3FE312D1,MATH120,1816,34
SP2017,3FE314A7,MATH120,914,23
SP2017,3FE3158D,MATH120,1314,27
SP2017,3FE315A1,MATH120,1412,26
SP2017,3FE31605,MATH120,1015,25
SP2017,3FE319CF,MATH120,1412,26
SP2017,3FE31CB3,MATH120,1316,29
SP2017,3FE31E9D,MATH115,414,18
SP2017,3FE31F6F,MATH115,709,16
SP2017,3FE31F79,MATH112,208,10
SP2017,3FE3200F,MATH115,713,20
SP2017,3FE3202D,MATH115,510,15
SP2017,3FE32235,MATH120,1314,27
SP2017,3FE3225D,MATH112,307,10
SP2017,3FE32267,MATH120,815,23
SP2017,3FE322DF,MATH112,2,2
SP2017,3FE32325,MATH120,1315,28
SP2017,3FE32357,MATH115,511,16
SP2017,3FE323C5,MATH120,2014,34
SP2017,3FE32433,MATH120,813,21
SP2017,3FE324A1,MATH120,913,22
SP2017,3FE32569,MATH120,1312,25
SP2017,3FE32573,MATH120,913,22
SP2017,3FE3261D,MATH115,715,22
SP2017,3FE32677,MATH120,1614,30
SP2017,3FE326A9,MATH115,410,14
SP2017,3FE32771,MATH112,308,11
SP2017,3FE327DF,MATH115,511,16
SP2017,3FE327E9,MATH120,913,22
SP2017,3FE32825,MATH120,1312,25
SP2017,3FE32875,MATH115,512,17
SP2017,3FE330DB,MATH112,706,13
SP2017,3FE33F9F,MATH120,816,24
SP2017,3FE34319,MATH120,914,23
SP2017,3FE34571,MATH112,408,12
SP2017,3FE345C1,MATH120,813,21
SP2017,3FE348FF,MATH112,406,10
SP2017,3FE34E77,MATH120,1615,31
SP2017,3FE35197,MATH120,1112,23
SP2017,3FE35331,MATH120,914,23
SP2017,3FE3559D,MATH120,1414,28
SP2017,3FE35AB1,MATH120,1314,27
SP2017,3FE35C69,MATH120,813,21
SP2017,3FE35C91,MATH112,507,12
SP2017,3FE35D09,MATH120,1013,23
SP2017,3FE35D59,MATH120,1314,27
SP2017,3FE35F75,MATH120,1114,25
SP2017,3FE36051,MATH120,1313,26
SP2017,3FE36097,MATH120,1414,28
SP2017,3FE36169,MATH112,607,13
SP2017,3FE363C1,MATH120,912,21
SP2017,3FE36475,MATH112,305,8
SP2017,3FE36493,MATH120,1311,24
SP2017,3FE364D9,MATH120,811,19
SP2017,3FE365BF,MATH120,809,17
SP2017,3FE3667D,MATH120,1616,32
SP2017,3FE366FF,MATH120,1112,23
SP2017,3FE367C7,MATH120,914,23
SP2017,3FE368AD,MATH115,712,19
SP2017,3FE369CF,MATH120,911,20
SP2017,3FE36A1F,MATH120,811,19
SP2017,3FE36A47,MATH120,811,19
SP2017,3FE36A5B,MATH120,1211,23
SP2017,3FE37451,MATH112,506,11
SP2017,3FE380EF,MATH120,816,24
SP2017,3FE3829D,MATH112,707,14
SP2017,3FE3876B,MATH120,1015,25
SP2017,3FE3892D,MATH115,613,19
SP2017,3FE39549,MATH120,1409,23
SP2017,3FE398EB,MATH120,1109,20
SP2017,3FE39F99,MATH120,1316,29
SP2017,3FE3A683,MATH120,914,23
SP2017,3FE3A985,MATH120,1316,29
SP2017,3FE3AE3F,MATH115,609,15
SP2017,3FE3C5E1,MATH112,706,13
SP2017,3FE3CE3D,MATH120,1210,22
SP2017,3FE3DA4F,MATH120,912,21
SP2017,3FE3DAC7,MATH115,511,16
SP2017,3FE3DB17,MATH112,308,11
SP2017,3FE3DC7F,MATH112,506,11
SP2017,3FE3FB51,MATH120,909,18
SP2017,3FE4116D,MATH120,812,20
SP2017,3FE41249,MATH120,1111,22
SP2017,3FE44E53,MATH120,1716,33
SP2017,3FE46EE7,MATH112,307,10
SP2017,3FE46FB9,MATH112,602,8
SP2017,3FE48AA3,MATH115,714,21
SP2017,3FE491E7,MATH112,707,14
SP2017,3FE49485,MATH120,1214,26
SP2017,3FE49BA1,MATH120,1514,29
SP2017,3FE4A7DB,MATH120,1614,30
SP2017,3FE4A83F,MATH120,1514,29
SP2017,3FE4B7F3,MATH115,712,19
SP2017,3FE4B811,MATH120,1615,31
SP2017,3FE4B857,MATH120,1111,22
SP2017,3FE4B889,MATH112,608,14
SP2017,3FE4B893,MATH120,1012,22
SP2017,3FE4B9B5,MATH120,1013,23
SP2017,3FE4B9C9,MATH120,1113,24
SP2017,3FE4B9D3,MATH120,1214,26
SP2017,3FE4B9E7,MATH120,1514,29
SP2017,3FE4C67B,MATH112,406,10
SP2017,3FE4D021,MATH120,1716,33
SP2017,3FE4EBC9,MATH112,305,8
SP2017,3FE52C51,MATH115,613,19
SP2017,3FE52CA1,MATH120,1615,31
SP2017,3FE52DA5,MATH120,1313,26
SP2017,3FE542C7,MATH120,2016,36
SP2017,3FE543B7,MATH120,811,19
SP2017,3FE54EBB,MATH120,2016,36
SP2017,3FE54EC5,MATH120,1715,32
SP2017,3FE5525D,MATH120,1314,27
SP2017,3FE55609,MATH120,1214,26
SP2017,3FE5568B,MATH120,913,22
SP2017,3FE55717,MATH120,809,17
SP2017,3FE55979,MATH112,406,10
SP2017,3FE559F1,MATH120,1613,29
SP2017,3FE559FB,MATH120,1213,25
SP2017,3FE55A37,MATH120,1116,27
SP2017,3FE55B59,MATH120,1315,28
SP2017,3FE55BEF,MATH120,1816,34
SP2017,3FE55CFD,MATH115,614,20
SP2017,3FE55F73,MATH120,1516,31
SP2017,3FE56207,MATH115,211,13
SP2017,3FE5633D,MATH115,310,13
SP2017,3FE568FB,MATH120,1311,24
SP2017,3FE5758F,MATH120,1114,25
SP2017,3FE5784B,MATH120,1214,26
SP2017,3FE5789B,MATH115,715,22
SP2017,3FE57A8F,MATH115,511,16
SP2017,3FE57D41,MATH120,908,17
SP2017,3FE57D73,MATH115,612,18
SP2017,3FE57EF9,MATH112,107,8
SP2017,3FE5851B,MATH120,1516,31
SP2017,3FE58575,MATH120,1615,31
SP2017,3FE58A9D,MATH120,1514,29
SP2017,3FE58C05,MATH115,714,21
SP2017,3FE58CAF,MATH120,1213,25
SP2017,3FE5958D,MATH120,916,25
SP2017,3FE5964B,MATH120,2016,36
SP2017,3FE5967D,MATH120,1010,20
SP2017,3FE596EB,MATH120,1212,24
SP2017,3FE597F9,MATH115,310,13
SP2017,3FE59E61,MATH115,609,15
SP2017,3FE5BA95,MATH115,509,14
SP2017,3FE5C9B3,MATH120,1014,24
SP2017,3FE5CA8F,MATH120,1916,35
SP2017,3FE5CBE3,MATH120,1215,27
SP2017,3FE5CD05,MATH120,906,15
SP2017,3FE5CD41,MATH120,1013,23
SP2017,3FE5D33B,MATH120,1010,20
SP2017,3FE5D39F,MATH120,1514,29
SP2017,3FE5DAED,MATH120,913,22
SP2017,3FE5DD9F,MATH120,1412,26
SP2017,3FE5DDD1,MATH120,1516,31
SP2017,3FE5DDE5,MATH112,4,4
SP2017,3FE5DEC1,MATH115,713,20
SP2017,3FE5DF25,MATH112,506,11
SP2017,3FE5E119,MATH120,812,20
SP2017,3FE5E3AD,MATH120,1114,25
SP2017,3FE5E551,MATH120,1615,31
SP2017,3FE5E5C9,MATH120,1314,27
SP2017,3FE5E64B,MATH115,609,15
SP2017,3FE5E803,MATH120,1713,30
SP2017,3FE5E853,MATH115,712,19
SP2017,3FE5EB5F,MATH120,1212,24
SP2017,3FE5EC63,MATH120,1716,33
SP2017,3FE5ED53,MATH120,1415,29
SP2017,3FE5EE4D,MATH120,1013,23
SP2017,3FE5EE6B,MATH120,1213,25
SP2017,3FE5EEB1,MATH115,712,19
SP2017,3FE5F3CF,MATH120,1014,24
SP2017,3FE5F4A1,MATH120,1315,28
SP2017,3FE5F63B,MATH120,1616,32
SP2017,3FE5F6D1,MATH115,612,18
SP2017,3FE5FF55,MATH120,1816,34
SP2017,3FE5FF7D,MATH120,914,23
SP2017,3FE60149,MATH120,1214,26
SP2017,3FE6077F,MATH120,1814,32
SP2017,3FE60801,MATH120,1113,24
SP2017,3FE60879,MATH120,1012,22
SP2017,3FE60955,MATH120,915,24
SP2017,3FE60991,MATH120,1111,22
SP2017,3FE60A59,MATH120,1615,31
SP2017,3FE60BA3,MATH120,811,19
SP2017,3FE60DAB,MATH112,605,11
SP2017,3FE61071,MATH120,911,20
SP2017,3FE610FD,MATH120,1916,35
SP2017,3FE61143,MATH120,1008,18
SP2017,3FE61161,MATH115,712,19
SP2017,3FE611F7,MATH112,607,13
SP2017,3FE6132D,MATH120,1109,20
SP2017,3FE61355,MATH115,512,17
SP2017,3FE61409,MATH120,1314,27
SP2017,3FE61503,MATH120,1615,31
SP2017,3FE61BD9,MATH120,2016,36
SP2017,3FE61DFF,MATH115,513,18
SP2017,3FE61E13,MATH120,1012,22
SP2017,3FE61F21,MATH120,1515,30
SP2017,3FE62241,MATH120,809,17
SP2017,3FE625E3,MATH115,613,19
SP2017,3FE6270F,MATH120,1216,28
SP2017,3FE62741,MATH120,815,23
SP2017,3FE627FF,MATH120,1412,26
SP2017,3FE62877,MATH115,510,15
SP2017,3FE62935,MATH115,710,17
SP2017,3FE62967,MATH120,1112,23
SP2017,3FE629CB,MATH120,1614,30
SP2017,3FE62A89,MATH115,414,18
SP2017,3FE62B79,MATH120,1513,28
SP2017,3FE62C0F,MATH120,1113,24
SP2017,3FE62CCD,MATH120,1112,23
SP2017,3FE62D95,MATH120,1214,26
SP2017,3FE62E3F,MATH120,2015,35
SP2017,3FE6333F,MATH112,407,11
SP2017,3FE6337B,MATH120,1015,25
SP2017,3FE633B7,MATH112,607,13
SP2017,3FE635C9,MATH120,1515,30
SP2017,3FE636CD,MATH120,1415,29
SP2017,3FE6371D,MATH120,1114,25
SP2017,3FE63727,MATH112,508,13
SP2017,3FE6378B,MATH115,412,16
SP2017,3FE63ABF,MATH115,309,12
SP2017,3FE642A3,MATH120,1414,28
SP2017,3FE645C3,MATH120,1616,32
SP2017,3FE645FF,MATH120,1114,25
SP2017,3FE64677,MATH115,411,15
SP2017,3FE646E5,MATH112,408,12
SP2017,3FE64785,MATH115,610,16
SP2017,3FE64857,MATH115,411,15
SP2017,3FE64861,MATH120,1413,27
SP2017,3FE6496F,MATH120,1613,29
SP2017,3FE64B81,MATH115,611,17
SP2017,3FE64CB7,MATH120,812,20
SP2017,3FE64EAB,MATH120,1411,25
SP2017,3FE64F4B,MATH120,1614,30
SP2017,3FE652B1,MATH120,1113,24
SP2017,3FE654F5,MATH120,813,21
SP2017,3FE65563,MATH120,912,21
SP2017,3FE66111,MATH120,1213,25
SP2017,3FE661BB,MATH120,913,22
SP2017,3FE661CF,MATH120,912,21
SP2017,3FE66445,MATH120,1615,31
SP2017,3FE66521,MATH120,812,20
SP2017,3FE6655D,MATH112,706,13
SP2017,3FE665B7,MATH112,204,6
SP2017,3FE66661,MATH120,1014,24
SP2017,3FE6676F,MATH120,813,21
SP2017,3FE66797,MATH120,1211,23
SP2017,3FE66981,MATH120,1416,30
SP2017,3FE66AA3,MATH112,706,13
SP2017,3FE66AD5,MATH120,1109,20
SP2017,3FE66B25,MATH120,1313,26
SP2017,3FE66BC5,MATH120,912,21
SP2017,3FE66DF5,MATH120,1111,22
SP2017,3FE66E27,MATH120,1916,35
SP2017,3FE6707F,MATH115,209,11
SP2017,3FE6727D,MATH120,915,24
SP2017,3FE67ABB,MATH120,1211,23
SP2017,3FE67AF7,MATH120,813,21
SP2017,3FE67B6F,MATH120,1311,24
SP2017,3FE67B83,MATH112,706,13
SP2017,3FE67D4F,MATH115,709,16
SP2017,3FE67E7B,MATH120,807,15
SP2017,3FE67EAD,MATH120,1514,29
SP2017,3FE68137,MATH120,1312,25
SP2017,3FE68231,MATH115,711,18
SP2017,3FE68245,MATH115,409,13
SP2017,3FE682DB,MATH112,407,11
SP2017,3FE685FB,MATH120,1114,25
SP2017,3FE68687,MATH120,1015,25
SP2017,3FE6869B,MATH120,812,20
SP2017,3FE68759,MATH120,1312,25
SP2017,3FE68849,MATH115,613,19
SP2017,3FE6888F,MATH120,1212,24
SP2017,3FE688AD,MATH115,609,15
SP2017,3FE68B91,MATH120,1815,33
SP2017,3FE68DDF,MATH120,816,24
SP2017,3FE6973F,MATH112,107,8
SP2017,3FE6AAC7,MATH115,512,17
SP2017,3FE6AB5D,MATH120,1314,27
SP2017,3FE6AC43,MATH120,1316,29
SP2017,3FE6AD47,MATH115,611,17
SP2017,3FE6AE4B,MATH120,1816,34
SP2017,3FE6AED7,MATH120,1215,27
SP2017,3FE6B495,MATH120,1516,31
SP2017,3FE6B751,MATH115,612,18
SP2017,3FE6B78D,MATH120,1315,28
SP2017,3FE6B891,MATH115,609,15
SP2017,3FE6B9A9,MATH120,1113,24
SP2017,3FE6BA3F,MATH120,1515,30
SP2017,3FE6BA5D,MATH115,614,20
SP2017,3FE6BBA7,MATH120,811,19
SP2017,3FE6BCE7,MATH120,1115,26
SP2017,3FE6BE95,MATH120,1516,31
SP2017,3FE6C6FB,MATH115,613,19
SP2017,3FE6C8EF,MATH120,913,22
SP2017,3FE6CD4F,MATH120,1014,24
SP2017,3FE6CDA9,MATH120,1413,27
SP2017,3FE6CE17,MATH112,104,5
SP2017,3FE6CEC1,MATH120,1416,30
SP2017,3FE6CF2F,MATH115,412,16
SP2017,3FE6D187,MATH115,412,16
SP2017,3FE6D489,MATH115,509,14
SP2017,3FE6D94D,MATH120,1110,21
SP2017,3FE6D9A7,MATH120,2016,36
SP2017,3FE6E05F,MATH120,1009,19
SP2017,3FE6E113,MATH120,913,22
SP2017,3FE6E163,MATH115,313,16
SP2017,3FE6E19F,MATH120,1111,22
SP2017,3FE6E1A9,MATH112,308,11
SP2017,3FE6E465,MATH115,709,16
SP2017,3FE6E613,MATH115,714,21
SP2017,3FE6E659,MATH120,1313,26
SP2017,3FE6E7CB,MATH112,608,14
SP2017,3FE6E8ED,MATH120,1514,29
SP2017,3FE6E983,MATH120,1314,27
SP2017,3FE6EA05,MATH120,1715,32
SP2017,3FE6EA73,MATH120,812,20
SP2017,3FE6EBBD,MATH112,307,10
SP2017,3FE6EC21,MATH115,609,15
SP2017,3FE6ED43,MATH120,815,23
SP2017,3FE6EDCF,MATH115,410,14
SP2017,3FE6EEA1,MATH120,1615,31
SP2017,3FE6F4CD,MATH115,609,15
SP2017,3FE6F5D1,MATH115,512,17
SP2017,3FE6F6CB,MATH120,1014,24
SP2017,3FE6F883,MATH120,1814,32
SP2017,3FE6F8DD,MATH120,1613,29
SP2017,3FE6FFE5,MATH112,507,12
SP2017,3FE70189,MATH120,2015,35
SP2017,3FE70279,MATH120,1415,29
SP2017,3FE70297,MATH120,811,19
SP2017,3FE702C9,MATH115,614,20
SP2017,3FE7032D,MATH120,1114,25
SP2017,3FE703C3,MATH120,909,18
SP2017,3FE70445,MATH120,912,21
SP2017,3FE705C1,MATH120,2016,36
SP2017,3FE7064D,MATH120,1515,30
SP2017,3FE70693,MATH120,813,21
SP2017,3FE70729,MATH120,1113,24
SP2017,3FE70A0D,MATH120,811,19
SP2017,3FE70A5D,MATH115,612,18
SP2017,3FE70CFB,MATH112,508,13
SP2017,3FE757B5,MATH120,1215,27
SP2017,3FE75819,MATH120,1413,27
SP2017,3FE75995,MATH115,510,15
SP2017,3FE75DE1,MATH120,1113,24
SP2017,3FE75E95,MATH112,705,12
SP2017,3FE75EE5,MATH120,1516,31
SP2017,3FE75F7B,MATH120,1510,25
SP2017,3FE76165,MATH112,608,14
SP2017,3FE761E7,MATH115,609,15
SP2017,3FE76241,MATH112,508,13
SP2017,3FE76273,MATH120,1816,34
SP2017,3FE76313,MATH115,411,15
SP2017,3FE7652F,MATH115,210,12
SP2017,3FE76593,MATH115,612,18
SP2017,3FE765E3,MATH115,409,13
SP2017,3FE766FB,MATH120,1614,30
SP2017,3FE767AF,MATH120,1114,25
SP2017,3FE76BC9,MATH115,511,16
SP2017,3FE77079,MATH120,816,24
SP2017,3FE771B9,MATH120,912,21
SP2017,3FE771F5,MATH115,710,17
SP2017,3FE77209,MATH120,1314,27
SP2017,3FE7728B,MATH120,1213,25
SP2017,3FE77709,MATH120,1816,34
SP2017,3FE777BD,MATH120,1313,26
SP2017,3FE778AD,MATH112,203,5
SP2017,3FE77961,MATH120,811,19
SP2017,3FE77B05,MATH120,1816,34
SP2017,3FE77B05,MATH120,1415,29
SP2017,3FE784E7,MATH120,1515,30
SP2017,3FE7857D,MATH115,612,18
SP2017,3FE785B9,MATH112,105,6
SP2017,3FE7873F,MATH120,911,20
SP2017,3FE7878F,MATH120,1314,27
SP2017,3FE787A3,MATH120,1514,29
SP2017,3FE78915,MATH120,1013,23
SP2017,3FE78AD7,MATH115,611,17
SP2017,3FE78B81,MATH115,513,18
SP2017,3FE79815,MATH120,1514,29
SP2017,3FE79987,MATH120,812,20
SP2017,3FE799B9,MATH120,1516,31
SP2017,3FE79A27,MATH120,912,21
SP2017,3FE79AA9,MATH120,914,23
SP2017,3FE79EB9,MATH120,811,19
SP2017,3FE7AF49,MATH112,106,7
SP2017,3FE7B06B,MATH120,1013,23
SP2017,3FE7B133,MATH120,1215,27
SP2017,3FE7B54D,MATH112,106,7
SP2017,3FE7B561,MATH120,1111,22
SP2017,3FE7B63D,MATH120,1614,30
SP2017,3FE7B66F,MATH115,713,20
SP2017,3FE7B7B9,MATH120,1111,22
SP2017,3FE7BC41,MATH120,1216,28
SP2017,3FE7BD63,MATH112,305,8
SP2017,3FE7BD6D,MATH120,915,24
SP2017,3FE7BD95,MATH115,613,19
SP2017,3FE7BE03,MATH120,1311,24
SP2017,3FE7BE85,MATH120,1715,32
SP2017,3FE7CAA1,MATH120,1714,31
SP2017,3FE7DE3D,MATH120,1316,29
SP2017,3FE7E185,MATH115,612,18
SP2017,3FE7E293,MATH120,914,23
SP2017,3FE7E2F7,MATH120,809,17
SP2017,3FE7E455,MATH120,914,23
SP2017,3FE7E4CD,MATH115,315,18
SP2017,3FE7E6DF,MATH120,1215,27
SP2017,3FE7E74D,MATH112,604,10
SP2017,3FE7ED8D,MATH115,711,18
SP2017,3FE7EE5F,MATH120,914,23
SP2017,3FE7FA17,MATH120,1215,27
SP2017,3FE801AB,MATH115,709,16
SP2017,3FE804FD,MATH115,510,15
SP2017,3FE80859,MATH120,1512,27
SP2017,3FE8088B,MATH120,1113,24
SP2017,3FE80895,MATH112,407,11
SP2017,3FE80B5B,MATH112,707,14
SP2017,3FE80B8D,MATH112,408,12
SP2017,3FE80C05,MATH120,912,21
SP2017,3FE80C87,MATH120,1314,27
SP2017,3FE80D8B,MATH120,1213,25
SP2017,3FE80F4D,MATH120,1014,24
SP2017,3FE80F9D,MATH120,814,22
SP2017,3FE80FF7,MATH120,1615,31
SP2017,3FE811B9,MATH115,511,16
SP2017,3FE811EB,MATH120,1615,31
SP2017,3FE81DE9,MATH115,614,20
SP2017,3FE83775,MATH120,1015,25
SP2017,3FE83B85,MATH120,1411,25
SP2017,3FE841C5,MATH115,512,17
SP2017,3FE842BF,MATH120,1313,26
SP2017,3FE8487D,MATH120,1212,24
SP2017,3FE848EB,MATH120,907,16
SP2017,3FE84BA7,MATH120,815,23
SP2017,3FE8579B,MATH120,1114,25
SP2017,3FE857EB,MATH112,408,12
SP2017,3FE85B1F,MATH112,505,10
SP2017,3FE85B65,MATH120,1014,24
SP2017,3FE85CE1,MATH115,614,20
SP2017,3FE85D4F,MATH115,513,18
SP2017,3FE86925,MATH115,515,20
SP2017,3FE872D5,MATH115,613,19
SP2017,3FE87573,MATH120,1215,27
SP2017,3FE8757D,MATH115,609,15
SP2017,3FE87C03,MATH112,705,12
SP2017,3FE88743,MATH115,712,19
SP2017,3FE88955,MATH120,1210,22
SP2017,3FE89003,MATH115,411,15
SP2017,3FE89247,MATH115,715,22
SP2017,3FE892DD,MATH120,1110,21
SP2017,3FE89459,MATH120,2015,35
SP2017,3FE89481,MATH115,109,10
SP2017,3FE8949F,MATH120,1312,25
SP2017,3FE89585,MATH120,1007,17
SP2017,3FE89913,MATH120,1914,33
SP2017,3FE89A03,MATH112,1,1
SP2017,3FE89D7D,MATH120,913,22
SP2017,3FE89E4F,MATH120,1411,25
SP2017,3FE89F8F,MATH120,912,21
SP2017,3FE8A007,MATH115,409,13
SP2017,3FE8A061,MATH115,709,16
SP2017,3FE8A831,MATH120,1314,27
SP2017,3FE8A86D,MATH120,810,18
SP2017,3FE8AA2F,MATH120,1915,34
SP2017,3FE8AEAD,MATH112,703,10
SP2017,3FE8B8F3,MATH112,208,10
SP2017,3FE8BC63,MATH115,509,14
SP2017,3FE8BCB3,MATH120,911,20
SP2017,3FE8BE39,MATH120,1414,28
SP2017,3FE8BF0B,MATH112,606,12
SP2017,3FE8C023,MATH115,209,11
SP2017,3FE8C0F5,MATH112,605,11
SP2017,3FE8C0FF,MATH112,405,9
SP2017,3FE8C479,MATH112,505,10
SP2017,3FE8C5EB,MATH115,711,18
SP2017,3FE8C839,MATH112,706,13
SP2017,3FE8C9FB,MATH115,413,17
SP2017,3FE8CB27,MATH115,511,16
SP2017,3FE8CB63,MATH115,709,16
SP2017,3FE8E11B,MATH115,611,17
SP2017,3FE8E1ED,MATH115,609,15
SP2017,3FE8E1F7,MATH115,209,11
SP2017,3FE8E6B1,MATH120,1414,28
SP2017,3FE8E6E3,MATH120,1010,20
SP2017,3FE8E887,MATH120,1515,30
SP2017,3FE8EE77,MATH115,513,18
SP2017,3FE8F0A7,MATH115,509,14
SP2017,3FE8F101,MATH120,1512,27
SP2017,3FE8F9AD,MATH115,312,15
SP2017,3FE8FA4D,MATH112,3,3
SP2017,3FE8FF4D,MATH120,913,22
SP2017,3FE90119,MATH120,1210,22
SP2017,3FE902F9,MATH120,1414,28
SP2017,3FE907C7,MATH115,716,23
SP2017,3FE90853,MATH112,306,9
SP2017,3FE908D5,MATH112,107,8
SP2017,3FE909C5,MATH120,1714,31
SP2017,3FE916D1,MATH120,1316,29
SP2017,3FE916F9,MATH112,708,15
SP2017,3FE91929,MATH115,509,14
SP2017,3FE919D3,MATH112,106,7
SP2017,3FE91B63,MATH120,1914,33
SP2017,3FE91B77,MATH120,1816,34
SP2017,3FE91B9F,MATH112,306,9
SP2017,3FE91BBD,MATH120,1412,26
SP2017,3FE91C2B,MATH115,711,18
SP2017,3FE91EF1,MATH120,1616,32
SP2017,3FE93481,MATH112,708,15
SP2017,3FE93A67,MATH115,509,14
SP2017,3FE93A71,MATH112,504,9
SP2017,3FE94241,MATH112,606,12
SP2017,3FE942AF,MATH120,1013,23
SP2017,3FE9447B,MATH112,704,11
SP2017,3FE944B7,MATH120,1816,34
SP2017,3FE94543,MATH120,1215,27
SP2017,3FE94723,MATH120,1012,22
SP2017,3FE9481D,MATH120,1113,24
SP2017,3FE94827,MATH115,710,17
SP2017,3FE9497B,MATH120,1111,22
SP2017,3FE94A61,MATH112,205,7
SP2017,3FE94AA7,MATH120,1014,24
SP2017,3FE94AD9,MATH120,1213,25
SP2017,3FE94AED,MATH120,914,23
SP2017,3FE94B01,MATH115,310,13
SP2017,3FE950A1,MATH112,205,7
SP2017,3FE950B5,MATH120,912,21
SP2017,3FE9517D,MATH120,1514,29
SP2017,3FE951D7,MATH115,714,21
SP2017,3FE95227,MATH112,708,15
SP2017,3FE953F3,MATH120,1012,22
SP2017,3FE956C3,MATH120,1212,24
SP2017,3FE98F17,MATH120,1716,33
SP2017,3FE99115,MATH120,910,19
SP2017,3FE995D9,MATH115,711,18
SP2017,3FE99633,MATH115,712,19
SP2017,3FE99A07,MATH115,715,22
SP2017,3FE99AA7,MATH112,708,15
SP2017,3FE99B47,MATH112,108,9
SP2017,3FE9A0D3,MATH112,203,5
SP2017,3FE9A4D9,MATH115,609,15
SP2017,3FE9A565,MATH112,407,11
SP2017,3FE9A76D,MATH120,1413,27
SP2017,3FE9A78B,MATH115,713,20
SP2017,3FE9B28F,MATH120,1013,23
SP2017,3FE9B4A1,MATH115,712,19
SP2017,3FE9BEF1,MATH115,713,20
SP2017,3FE9BF73,MATH120,1614,30
SP2017,3FE9C2B1,MATH115,313,16
SP2017,3FE9C649,MATH120,811,19
SP2017,3FE9CFBD,MATH120,811,19
SP2017,3FE9D46D,MATH115,411,15
SP2017,3FE9D7E7,MATH120,1313,26
SP2017,3FE9DB1B,MATH120,912,21
SP2017,3FE9DB93,MATH120,1316,29
SP2017,3FE9DC47,MATH120,813,21
SP2017,3FE9DCFB,MATH115,609,15
SP2017,3FE9DD2D,MATH112,405,9
SP2017,3FE9EB15,MATH120,1816,34
SP2017,3FE9EF2F,MATH112,508,13
SP2017,3FE9EF57,MATH115,513,18
SP2017,3FE9F411,MATH120,913,22
SP2017,3FE9F42F,MATH115,712,19
SP2017,3FE9F46B,MATH120,1216,28
SP2017,3FE9F475,MATH112,408,12
SP2017,3FE9F493,MATH120,1013,23
SP2017,3FE9F605,MATH112,408,12
SP2017,3FE9F65F,MATH115,709,16
SP2017,3FE9F673,MATH120,1214,26
SP2017,3FE9F849,MATH120,1414,28
SP2017,3FE9F88F,MATH120,811,19
SP2017,3FE9F975,MATH120,813,21
SP2017,3FE9FB05,MATH120,1113,24
SP2017,3FE9FBF5,MATH115,512,17
SP2017,3FE9FC1D,MATH120,1716,33
SP2017,3FE9FC63,MATH115,714,21
SP2017,3FE9FD5D,MATH120,1214,26
SP2017,3FEA0915,MATH120,1215,27
SP2017,3FEA0C5D,MATH120,1716,33
SP2017,3FEA0CDF,MATH112,707,14
SP2017,3FEA0D4D,MATH120,1013,23
SP2017,3FEA0DCF,MATH112,707,14
SP2017,3FEA0EE7,MATH115,510,15
SP2017,3FEA0FA5,MATH120,1012,22
SP2017,3FEA0FF5,MATH120,1214,26
SP2017,3FEA19FF,MATH115,510,15
SP2017,3FEA1C39,MATH115,510,15
SP2017,3FEA1C61,MATH120,1013,23
SP2017,3FEA1CF7,MATH112,408,12
SP2017,3FEA1DDD,MATH112,507,12
SP2017,3FEA1EAF,MATH120,1415,29
SP2017,3FEA1EFF,MATH120,911,20
SP2017,3FEA1F59,MATH120,1416,30
SP2017,3FEA1FD1,MATH120,1413,27
SP2017,3FEA214D,MATH120,814,22
SP2017,3FEA216B,MATH115,413,17
SP2017,3FEA21A7,MATH115,713,20
SP2017,3FEA26CF,MATH120,1114,25
SP2017,3FEA2B1B,MATH120,1216,28
SP2017,3FEA2B2F,MATH120,1515,30
SP2017,3FEA2B7F,MATH120,1010,20
SP2017,3FEA2C29,MATH120,1715,32
SP2017,3FEA2C5B,MATH120,813,21
SP2017,3FEA2D23,MATH115,710,17
SP2017,3FEA2E77,MATH115,713,20
SP2017,3FEA30A7,MATH120,1616,32
SP2017,3FEA315B,MATH112,506,11
SP2017,3FEA3D6D,MATH120,806,14
SP2017,3FEA3E7B,MATH120,1913,32
SP2017,3FEA3E99,MATH112,106,7
SP2017,3FEA3EE9,MATH120,1211,23
SP2017,3FEA40B5,MATH115,711,18
SP2017,3FEA41CD,MATH120,810,18
SP2017,3FEA4281,MATH120,1515,30
SP2017,3FEA429F,MATH112,208,10
SP2017,3FEA4D3F,MATH120,1213,25
SP2017,3FEA4ED9,MATH112,7,7
SP2017,3FEA4F15,MATH115,609,15
SP2017,3FEA539D,MATH115,709,16
SP2017,3FEA5451,MATH120,912,21
SP2017,3FEA5677,MATH120,814,22
SP2017,3FEA5695,MATH115,610,16
SP2017,3FEA5735,MATH120,1212,24
SP2017,3FEA5A55,MATH115,612,18
SP2017,3FEA5C2B,MATH120,1616,32
SP2017,3FEA5C53,MATH115,413,17
SP2017,3FEA5C85,MATH115,709,16
SP2017,3FEA5C99,MATH115,411,15
SP2017,3FEA5D61,MATH120,1215,27
SP2017,3FEA5FB9,MATH120,1114,25
SP2017,3FEA6117,MATH120,911,20
SP2017,3FEA621B,MATH120,1715,32
SP2017,3FEA69CD,MATH120,910,19
SP2017,3FEA6A1D,MATH120,1111,22
SP2017,3FEA6D01,MATH120,813,21
SP2017,3FEAEA5B,MATH120,1515,30
SP2017,3FEB05C7,MATH120,1213,25
SP2017,3FEB0621,MATH115,713,20
SP2017,3FEB0699,MATH120,811,19
SP2017,3FEB06A3,MATH112,707,14
SP2017,3FEB06AD,MATH120,816,24
SP2017,3FEB06DF,MATH112,207,9
SP2017,3FEB0711,MATH120,1114,25
SP2017,3FEB072F,MATH120,1616,32
SP2017,3FEB1125,MATH120,1113,24
SP2017,3FEB1139,MATH120,812,20
SP2017,3FEB644F,MATH115,412,16
SP2017,3FEB6503,MATH120,1916,35
SP2017,3FEB699F,MATH115,310,13
SP2017,3FEB6A7B,MATH112,308,11
SP2017,3FEB6A99,MATH120,1616,32
SP2017,3FEB6AD5,MATH115,712,19
SP2017,3FEB6C83,MATH120,1515,30
SP2017,3FEB6CA1,MATH120,914,23
SP2017,3FEB6CAB,MATH120,912,21
SP2017,3FEB89E3,MATH120,1312,25
SP2017,3FEB8EF7,MATH120,1216,28
SP2017,3FEBA6C1,MATH115,713,20
SP2017,3FEBEC35,MATH120,1515,30
SP2017,3FEBEEFB,MATH115,111,12
SP2017,3FEBFD47,MATH120,908,17
SP2017,3FEC0B43,MATH115,714,21
SP2017,3FEC0B6B,MATH120,2016,36
SP2017,3FEC102F,MATH120,1315,28
SP2017,3FEC184F,MATH120,1613,29
SP2017,3FEC1877,MATH120,1014,24
SP2017,3FEC18D1,MATH120,1413,27
SP2017,3FEC1A1B,MATH115,713,20
SP2017,3FEC1C2D,MATH120,1111,22
SP2017,3FEC1C55,MATH120,1108,19
SP2017,3FEC29D9,MATH120,1210,22
SP2017,3FEC3285,MATH120,1915,34
SP2017,3FEC331B,MATH112,405,9
SP2017,3FEC33BB,MATH120,1115,26
SP2017,3FEC3415,MATH120,1314,27
SP2017,3FEC341F,MATH120,916,25
SP2017,3FEC421B,MATH115,409,13
SP2017,3FEC424D,MATH120,1013,23
SP2017,3FEC4E55,MATH120,815,23
SP2017,3FEC4EA5,MATH112,307,10
SP2017,3FEC645D,MATH120,811,19
SP2017,3FEC6575,MATH120,1211,23
SP2017,3FEC8145,MATH120,814,22
SP2017,3FEC9FB3,MATH120,1412,26
SP2017,3FEC9FE5,MATH120,1616,32
SP2017,3FECA017,MATH120,1409,23
SP2017,3FECC3E9,MATH120,1012,22
SP2017,3FECC5B5,MATH120,1415,29
SP2017,3FECD073,MATH115,310,13
SP2017,3FECD0CD,MATH112,706,13
SP2017,3FECD5CD,MATH115,311,14
SP2017,3FECD6B3,MATH120,812,20
SP2017,3FECD717,MATH120,814,22
SP2017,3FECD7CB,MATH120,1112,23
SP2017,3FECD979,MATH120,1916,35
SP2017,3FECDDD9,MATH112,708,15
SP2017,3FECE635,MATH120,1414,28
SP2017,3FECE7A7,MATH120,1314,27
SP2017,3FECE883,MATH120,1915,34
SP2017,3FECE8FB,MATH120,1514,29
SP2017,3FECE973,MATH115,713,20
SP2017,3FECE9CD,MATH120,1014,24
SP2017,3FECEB53,MATH120,1515,30
SP2017,3FECEBA3,MATH120,1314,27
SP2017,3FECEC07,MATH120,811,19
SP2017,3FECFF0D,MATH120,1816,34
SP2017,3FED01DD,MATH115,713,20
SP2017,3FED16FF,MATH120,812,20
SP2017,3FED1EE3,MATH120,1712,29
SP2017,3FED2D4D,MATH115,710,17
SP2017,3FED356D,MATH112,307,10
SP2017,3FED3635,MATH120,811,19
SP2017,3FED367B,MATH120,1415,29
SP2017,3FED3685,MATH112,308,11
SP2017,3FED3725,MATH120,1916,35
SP2017,3FED37E3,MATH120,1011,21
SP2017,3FED64F7,MATH115,613,19
SP2017,3FED6597,MATH120,1815,33
SP2017,3FED699D,MATH120,1416,30
SP2017,3FED6B2D,MATH112,405,9
SP2017,3FED6C59,MATH120,1616,32
SP2017,3FED6CE5,MATH112,406,10
SP2017,3FED6D03,MATH120,1716,33
SP2017,3FED72CB,MATH120,1311,24
SP2017,3FED734D,MATH115,411,15
SP2017,3FED77AD,MATH120,1115,26
SP2017,3FED7807,MATH120,908,17
SP2017,3FED793D,MATH120,814,22
SP2017,3FED7947,MATH120,1111,22
SP2017,3FEDB0DD,MATH120,1714,31
SP2017,3FEDBA01,MATH115,510,15
SP2017,3FEDC163,MATH120,912,21
SP2017,3FEDC18B,MATH115,710,17
SP2017,3FEDC48D,MATH120,1215,27
SP2017,3FEDC4A1,MATH120,914,23
SP2017,3FEDD239,MATH120,1213,25
SP2017,3FEDD4F5,MATH120,1415,29
SP2017,3FEDD4FF,MATH112,404,8
SP2017,3FEDD51D,MATH120,811,19
SP2017,3FEDD531,MATH120,1014,24
SP2017,3FEDD905,MATH120,1816,34
SP2017,3FEDE477,MATH120,813,21
SP2017,3FEDF1FB,MATH115,710,17
SP2017,3FEDFA07,MATH120,1015,25
SP2017,3FEE2793,MATH115,712,19
SP2017,3FEE3071,MATH115,413,17
SP2017,3FEE362F,MATH112,608,14
SP2017,3FEE49FD,MATH120,1716,33
SP2017,3FEE4A07,MATH120,913,22
SP2017,3FEE4A2F,MATH112,406,10
SP2017,3FEE4A39,MATH120,1114,25
SP2017,3FEE5475,MATH120,1212,24
SP2017,3FEE5493,MATH112,306,9
SP2017,3FEE5F83,MATH112,108,9
SP2017,3FEE5FD3,MATH112,405,9
SP2017,3FEE604B,MATH120,1013,23
SP2017,3FEE715D,MATH115,514,19
SP2017,3FEE7167,MATH120,1415,29
SP2017,3FEE94E9,MATH120,1416,30
SP2017,3FEE94F3,MATH120,1815,33
SP2017,3FEEA88F,MATH112,502,7
SP2017,3FEEA8C1,MATH120,1515,30
SP2017,3FEEA8E9,MATH120,1915,34
SP2017,3FEEA91B,MATH120,913,22
SP2017,3FEEA925,MATH120,1716,33
SP2017,3FEEAE39,MATH120,810,18
SP2017,3FEEBDD9,MATH120,813,21
SP2017,3FEED48B,MATH120,1815,33
SP2017,3FEED4DB,MATH120,1313,26
SP2017,3FEEF51F,MATH115,409,13
SP2017,3FEEF58D,MATH112,407,11
SP2017,3FEEFFAB,MATH120,1113,24
SP2017,3FEF0541,MATH120,1312,25
SP2017,3FEF13B5,MATH120,1112,23
SP2017,3FEF3165,MATH115,613,19
SP2017,3FEF35B1,MATH120,1215,27
SP2017,3FEF4713,MATH120,1716,33
SP2017,3FEF5CCB,MATH120,811,19
SP2017,3FEF82C3,MATH120,815,23
SP2017,3FEFA2F3,MATH120,1115,26
SP2017,3FEFACB7,MATH120,1414,28
SP2017,3FEFB027,MATH120,1213,25
SP2017,3FEFB491,MATH112,507,12
SP2017,3FEFC337,MATH120,1415,29
SP2017,3FEFE4D9,MATH120,1514,29
SP2017,3FEFE4E3,MATH120,1412,26
SP2017,3FEFE53D,MATH115,715,22
SP2017,3FEFE835,MATH112,507,12
SP2017,3FEFEAB5,MATH120,1715,32
SP2017,3FF0D9E3,MATH120,813,21
SP2017,3FF2A61F,MATH120,1715,32
SP2017,3FF2F6A1,MATH120,1111,22
SP2017,3FF3DAD5,MATH120,1314,27
SP2017,4796E4AD,MATH120,1113,24
SP2017,66D3149,MATH115,410,14
SP2017,758DD295,MATH120,1613,29