﻿course_year,course_sem,course_taken,course_takenBIN,rec_course,took_recom_course,scaled_score,raw_score,course_start_date,teacher_id,student_id,acceptance_date,acceptance_monthNUM,acceptance_month,acceptance_late,proj_grad_year,college_experience,college_experienceBIN,proj_grad_sem,midtermgrade,midtermgradeN,finalgrade,finalgradeN,midtermgradePF,midtermgradeBIN,finalgradePF,finalgradeBIN
17,FALL,112,1,#N/A,#N/A,#N/A,#N/A,21-Aug-17,P107265286,3fe4a8cb,10-Aug-17,8,Aug,0,2017,0,0,FALL,F,0.0,F,0.0,fail,0,fail,0
17,FALL,112,1,#N/A,#N/A,#N/A,#N/A,21-Aug-17,P107265286,3fd96321,29-Mar-17,3,Mar,1,2020,3,1,SPRING,A,4.0,B+,3.3,pass,1,pass,1
17,FALL,112,1,#N/A,#N/A,#N/A,#N/A,21-Aug-17,P107265286,3fdac8d3,7-Apr-17,4,Apr,1,2017,0,0,FALL,C+,2.3,W,0.1,pass,1,W,0
17,FALL,115,0,#N/A,#N/A,#N/A,#N/A,21-Aug-17,P107180113,3fdf433b,23-Mar-17,3,Mar,1,2018,1,1,SPRING,C,2.0,A,4.0,pass,1,pass,1
17,FALL,115,0,#N/A,#N/A,#N/A,#N/A,21-Aug-17,P107180113,3fe9cf13,13-Jul-17,7,Jul,0,2017,0,0,FALL,D,1.0,B,3.0,fail,0,pass,1
17,FALL,115,0,#N/A,#N/A,#N/A,#N/A,21-Aug-17,P107180113,3fe23dcf,17-Jul-17,7,Jul,0,2017,0,0,FALL,F,0.0,F,0.0,fail,0,fail,0
17,FALL,115,0,#N/A,#N/A,#N/A,#N/A,21-Aug-17,P107180113,3fd60451,7-May-17,5,May,1,2018,1,1,SUMMER,D,1.0,C,2.0,fail,0,pass,1
17,FALL,115,0,#N/A,#N/A,#N/A,#N/A,21-Aug-17,P107180113,3fdb2701,27-Mar-17,3,Mar,1,2019,2,1,SPRING,A,4.0,A+,4.3,pass,1,pass,1
17,FALL,115,0,#N/A,#N/A,#N/A,#N/A,21-Aug-17,P107180113,3fdbdd8b,5-Apr-17,4,Apr,1,2020,3,1,SPRING,C,2.0,A,4.0,pass,1,pass,1
17,FALL,115,0,#N/A,#N/A,#N/A,#N/A,21-Aug-17,P107180113,3fd660f9,17-Jul-17,7,Jul,0,2019,2,1,SPRING,F,0.0,W,0.1,fail,0,W,0
17,FALL,115,0,#N/A,#N/A,#N/A,#N/A,21-Aug-17,P107180113,3fdd4207,5-Apr-17,4,Apr,1,2020,3,1,SPRING,A,4.0,A,4.0,pass,1,pass,1
17,FALL,115,0,#N/A,#N/A,#N/A,#N/A,21-Aug-17,P107180113,3ba8fd7f,20-Jun-17,6,Jun,0,2018,1,1,SPRING,B,3.0,C,2.0,pass,1,pass,1
17,FALL,115,0,#N/A,#N/A,#N/A,#N/A,21-Aug-17,P107180113,3feb0059,17-Jul-17,7,Jul,0,2020,3,1,SPRING,D,1.0,D,1.0,fail,0,fail,0
17,FALL,115,0,#N/A,#N/A,#N/A,#N/A,21-Aug-17,P107131684,3bacea07,25-May-17,5,May,1,2019,2,1,SUMMER,C,2.0,C,2.0,pass,1,pass,1
17,FALL,115,0,#N/A,#N/A,#N/A,#N/A,21-Aug-17,P107131684,3fd71279,27-Mar-17,3,Mar,1,2018,1,1,SPRING,A+,4.3,A,4.0,pass,1,pass,1
17,FALL,115,0,#N/A,#N/A,#N/A,#N/A,21-Aug-17,P107131684,3fdea769,5-Apr-17,4,Apr,1,2020,3,1,SPRING,A+,4.3,A-,3.7,pass,1,pass,1
17,FALL,115,0,#N/A,#N/A,#N/A,#N/A,21-Aug-17,P107131684,3fed660f,21-Aug-17,8,Aug,0,2018,1,1,SPRING,A+,4.3,A+,4.3,pass,1,pass,1
17,FALL,115,0,#N/A,#N/A,#N/A,#N/A,21-Aug-17,P107131684,3fe804e9,18-Jul-17,7,Jul,0,2018,1,1,SPRING,F,0.0,W,0.1,fail,0,W,0
17,FALL,115,0,#N/A,#N/A,#N/A,#N/A,21-Aug-17,P107131684,3fea0fcd,17-Jul-17,7,Jul,0,2020,3,1,SPRING,A-,3.7,B,3.0,pass,1,pass,1
17,FALL,115,0,#N/A,#N/A,#N/A,#N/A,21-Aug-17,P107131684,3feb6cb5,17-Jul-17,7,Jul,0,2020,3,1,SPRING,A+,4.3,A-,3.7,pass,1,pass,1
17,FALL,115,0,#N/A,#N/A,#N/A,#N/A,21-Aug-17,P107131684,3fe65f9f,18-Jul-17,7,Jul,0,2018,1,1,SPRING,B,3.0,C,2.0,pass,1,pass,1
17,FALL,115,0,#N/A,#N/A,#N/A,#N/A,21-Aug-17,P107131684,3fda7ccf,18-Jul-17,7,Jul,0,2018,1,1,SPRING,B+,3.3,B-,2.7,pass,1,pass,1
17,FALL,115,0,#N/A,#N/A,#N/A,#N/A,21-Aug-17,P107131684,3fe8af39,18-Jul-17,7,Jul,0,2018,1,1,SPRING,B-,2.7,D,1.0,pass,1,fail,0
17,FALL,115,0,#N/A,#N/A,#N/A,#N/A,21-Aug-17,P107131684,3bac86c5,5-Apr-17,4,Apr,1,2020,3,1,SPRING,B-,2.7,B-,2.7,pass,1,pass,1
17,FALL,115,0,#N/A,#N/A,#N/A,#N/A,21-Aug-17,P107131684,3fd956dd,5-Apr-17,4,Apr,1,2020,3,1,SPRING,A+,4.3,A-,3.7,pass,1,pass,1
17,FALL,115,0,#N/A,#N/A,#N/A,#N/A,21-Aug-17,P107131684,3fdec4c9,7-Apr-17,4,Apr,1,2020,3,1,SPRING,D+,1.3,B-,2.7,fail,0,pass,1
17,FALL,115,0,#N/A,#N/A,#N/A,#N/A,21-Aug-17,P107131684,3ba221d5,7-Aug-17,8,Aug,0,2018,1,1,SPRING,A-,3.7,D,1.0,pass,1,fail,0
17,FALL,115,0,#N/A,#N/A,#N/A,#N/A,21-Aug-17,P008616066,3fe8411b,22-Aug-17,8,Aug,0,2019,2,1,FALL,C+,2.3,A,4.0,pass,1,pass,1
17,FALL,115,0,#N/A,#N/A,#N/A,#N/A,21-Aug-17,P008616066,3fec9fc7,3-Aug-17,8,Aug,0,2018,1,1,SPRING,F,0.0,F,0.0,fail,0,fail,0
17,FALL,115,0,#N/A,#N/A,#N/A,#N/A,21-Aug-17,P008616066,3fe6b067,13-Jul-17,7,Jul,0,2020,3,1,SPRING,A,4.0,A+,4.3,pass,1,pass,1
17,FALL,115,0,#N/A,#N/A,#N/A,#N/A,21-Aug-17,P008616066,3fe661c5,16-Jun-17,6,Jun,0,2020,3,1,SPRING,A+,4.3,A+,4.3,pass,1,pass,1
17,FALL,115,0,#N/A,#N/A,#N/A,#N/A,21-Aug-17,P008616066,3fecd69f,13-Jul-17,7,Jul,0,2020,3,1,SPRING,A+,4.3,A,4.0,pass,1,pass,1
17,FALL,115,0,#N/A,#N/A,#N/A,#N/A,21-Aug-17,P008616066,3fdab889,14-Jul-17,7,Jul,0,2017,0,0,FALL,I,0.1,W,0.1,I,0,W,0
17,FALL,116,0,#N/A,#N/A,#N/A,#N/A,21-Aug-17,P107131684,4c57261,20-Mar-17,3,Mar,1,2018,1,1,SPRING,A,4.0,A+,4.3,pass,1,pass,1
17,FALL,116,0,#N/A,#N/A,#N/A,#N/A,21-Aug-17,P107131684,3ba997ad,24-Jun-17,6,Jun,0,2020,3,1,SPRING,A,4.0,A+,4.3,pass,1,pass,1
17,FALL,116,0,#N/A,#N/A,#N/A,#N/A,21-Aug-17,P107131684,3fe7ba93,12-Jul-17,7,Jul,0,2019,2,1,FALL,D,1.0,C-,1.7,fail,0,pass,1
17,FALL,116,0,#N/A,#N/A,#N/A,#N/A,21-Aug-17,P107131684,3bad3d77,29-Mar-17,3,Mar,1,2017,0,0,FALL,A,4.0,A,4.0,pass,1,pass,1
17,FALL,116,0,#N/A,#N/A,#N/A,#N/A,21-Aug-17,P107131684,3fd5f209,23-Mar-17,3,Mar,1,2018,1,1,SUMMER,B,3.0,B,3.0,pass,1,pass,1
17,FALL,116,0,#N/A,#N/A,#N/A,#N/A,21-Aug-17,P107131684,3fde9035,5-Apr-17,4,Apr,1,2020,3,1,SPRING,A,4.0,A+,4.3,pass,1,pass,1
17,FALL,116,0,#N/A,#N/A,#N/A,#N/A,21-Aug-17,P107131684,3fdfcef5,5-Apr-17,4,Apr,1,2019,2,1,SPRING,C,2.0,C-,1.7,pass,1,pass,1
17,FALL,116,0,#N/A,#N/A,#N/A,#N/A,21-Aug-17,P107131684,3fd8d541,31-May-17,5,May,1,2020,3,1,SPRING,A,4.0,A+,4.3,pass,1,pass,1
17,FALL,116,0,#N/A,#N/A,#N/A,#N/A,21-Aug-17,P107131684,3baa497d,5-Apr-17,4,Apr,1,2020,3,1,SPRING,B,3.0,B,3.0,pass,1,pass,1
17,FALL,116,0,#N/A,#N/A,#N/A,#N/A,21-Aug-17,P107131684,3fe7e6cb,23-Aug-17,8,Aug,0,2020,3,1,SPRING,C,2.0,W,0.1,pass,1,W,0
17,FALL,116,0,#N/A,#N/A,#N/A,#N/A,21-Aug-17,P107131684,3fd9462f,5-Apr-17,4,Apr,1,2020,3,1,SPRING,C,2.0,C-,1.7,pass,1,pass,1
17,FALL,116,0,#N/A,#N/A,#N/A,#N/A,21-Aug-17,P107131684,3fdafc27,19-Jun-17,6,Jun,0,2019,2,1,FALL,B,3.0,C-,1.7,pass,1,pass,1
17,FALL,116,0,#N/A,#N/A,#N/A,#N/A,21-Aug-17,P107131684,3fde291f,5-Apr-17,4,Apr,1,2020,3,1,SPRING,A,4.0,A+,4.3,pass,1,pass,1
17,FALL,116,0,#N/A,#N/A,#N/A,#N/A,21-Aug-17,P107131684,3bac2b71,23-Aug-17,8,Aug,0,2018,1,1,SPRING,A,4.0,A+,4.3,pass,1,pass,1
17,FALL,116,0,#N/A,#N/A,#N/A,#N/A,21-Aug-17,P107131684,3baae937,5-Apr-17,4,Apr,1,2018,1,1,SPRING,A,4.0,A+,4.3,pass,1,pass,1
17,FALL,116,0,#N/A,#N/A,#N/A,#N/A,21-Aug-17,P107131684,3ba314e1,20-Mar-17,3,Mar,1,2018,1,1,SPRING,C,2.0,F,0.0,pass,1,fail,0
17,FALL,116,0,#N/A,#N/A,#N/A,#N/A,21-Aug-17,P107131684,3ba8bf27,24-Apr-17,4,Apr,1,2018,1,1,SPRING,A,4.0,A+,4.3,pass,1,pass,1
17,FALL,116,0,#N/A,#N/A,#N/A,#N/A,21-Aug-17,P107131684,3fdec7cb,5-Apr-17,4,Apr,1,2020,3,1,SPRING,A,4.0,A+,4.3,pass,1,pass,1
17,FALL,116,0,#N/A,#N/A,#N/A,#N/A,21-Aug-17,P107131684,3fd5bbb3,5-Apr-17,4,Apr,1,2020,3,1,SPRING,A,4.0,A+,4.3,pass,1,pass,1
17,FALL,116,0,#N/A,#N/A,#N/A,#N/A,21-Aug-17,P107131684,3fd957c3,5-Apr-17,4,Apr,1,2018,1,1,SPRING,A,4.0,B+,3.3,pass,1,pass,1
17,FALL,116,0,#N/A,#N/A,#N/A,#N/A,21-Aug-17,P107131684,3fe32811,22-Aug-17,8,Aug,0,2017,0,0,FALL,D,1.0,F,0.0,fail,0,fail,0
17,FALL,116,0,#N/A,#N/A,#N/A,#N/A,21-Aug-17,P107131684,3fe6ac61,22-Aug-17,8,Aug,0,2018,1,1,FALL,A,4.0,A+,4.3,pass,1,pass,1
17,FALL,116,0,#N/A,#N/A,#N/A,#N/A,21-Aug-17,P107131684,3fd77b5b,5-Apr-17,4,Apr,1,2020,3,1,SPRING,A,4.0,A+,4.3,pass,1,pass,1
17,FALL,116,0,#N/A,#N/A,#N/A,#N/A,21-Aug-17,P107131684,3fd6181f,10-Aug-17,8,Aug,0,2017,0,0,FALL,,,W,0.1,,,W,0
17,FALL,116,0,#N/A,#N/A,#N/A,#N/A,21-Aug-17,P107131684,3fdcdb37,5-Apr-17,4,Apr,1,2018,1,1,FALL,F,0.0,C,2.0,fail,0,pass,1
17,FALL,116,0,#N/A,#N/A,#N/A,#N/A,21-Aug-17,P107131684,3fe31f15,23-Aug-17,8,Aug,0,2018,1,1,SPRING,D,1.0,W,0.1,fail,0,W,0
17,FALL,116,0,#N/A,#N/A,#N/A,#N/A,21-Aug-17,P107131684,3fde4a7b,29-Aug-17,8,Aug,0,2019,2,1,FALL,A,4.0,A+,4.3,pass,1,pass,1
17,FALL,116,0,#N/A,#N/A,#N/A,#N/A,21-Aug-17,P107131684,3fe01df1,27-Mar-17,3,Mar,1,2019,2,1,SPRING,A,4.0,A-,3.7,pass,1,pass,1
17,FALL,116,0,#N/A,#N/A,#N/A,#N/A,21-Aug-17,P107131684,3fe3513d,28-Mar-17,3,Mar,1,2019,2,1,SPRING,A,4.0,A+,4.3,pass,1,pass,1
17,FALL,116,0,#N/A,#N/A,#N/A,#N/A,21-Aug-17,P089009198,3fdea11f,5-Apr-17,4,Apr,1,2020,3,1,SPRING,A,4.0,A,4.0,pass,1,pass,1
17,FALL,116,0,#N/A,#N/A,#N/A,#N/A,21-Aug-17,P089009198,3ba529e3,1-Aug-17,8,Aug,0,2019,2,1,SPRING,C,2.0,A,4.0,pass,1,pass,1
17,FALL,116,0,#N/A,#N/A,#N/A,#N/A,21-Aug-17,P089009198,3fe197a3,13-Jul-17,7,Jul,0,2019,2,1,SPRING,A,4.0,A,4.0,pass,1,pass,1
17,FALL,116,0,#N/A,#N/A,#N/A,#N/A,21-Aug-17,P089009198,3feeb163,13-Jul-17,7,Jul,0,2019,2,1,SPRING,A,4.0,A,4.0,pass,1,pass,1
17,FALL,116,0,#N/A,#N/A,#N/A,#N/A,21-Aug-17,P089009198,3fdb04e7,5-Apr-17,4,Apr,1,2020,3,1,SPRING,A,4.0,A,4.0,pass,1,pass,1
17,FALL,116,0,#N/A,#N/A,#N/A,#N/A,21-Aug-17,P089009198,3fdbf861,5-Apr-17,4,Apr,1,2020,3,1,SPRING,A,4.0,A,4.0,pass,1,pass,1
17,FALL,116,0,#N/A,#N/A,#N/A,#N/A,21-Aug-17,P089009198,3fd7db2d,5-Apr-17,4,Apr,1,2017,0,0,FALL,A,4.0,A,4.0,pass,1,pass,1
17,FALL,116,0,#N/A,#N/A,#N/A,#N/A,21-Aug-17,P089009198,3baa8cf3,25-Aug-17,8,Aug,0,2017,0,0,FALL,I,0.1,W,0.1,I,0,W,0
17,FALL,116,0,#N/A,#N/A,#N/A,#N/A,21-Aug-17,P089009198,3fedc64f,10-Aug-17,8,Aug,0,2018,1,1,FALL,B,3.0,C,2.0,pass,1,pass,1
17,FALL,116,0,#N/A,#N/A,#N/A,#N/A,21-Aug-17,P089009198,3fe35a9d,14-Jul-17,7,Jul,0,2020,3,1,SPRING,A,4.0,A,4.0,pass,1,pass,1
17,FALL,116,0,#N/A,#N/A,#N/A,#N/A,21-Aug-17,P089009198,3fe365f1,14-Jul-17,7,Jul,0,2020,3,1,SPRING,A,4.0,A,4.0,pass,1,pass,1
17,FALL,116,0,#N/A,#N/A,#N/A,#N/A,21-Aug-17,P089009198,3fdb9b9b,5-Apr-17,4,Apr,1,2020,3,1,SPRING,B,3.0,A,4.0,pass,1,pass,1
17,FALL,116,0,#N/A,#N/A,#N/A,#N/A,21-Aug-17,P089009198,3ba75119,29-Mar-17,3,Mar,1,2019,2,1,FALL,C,2.0,C,2.0,pass,1,pass,1
17,FALL,116,0,#N/A,#N/A,#N/A,#N/A,21-Aug-17,P089009198,3fdeec15,5-Apr-17,4,Apr,1,2020,3,1,SPRING,B,3.0,B,3.0,pass,1,pass,1
17,FALL,116,0,#N/A,#N/A,#N/A,#N/A,21-Aug-17,P089009198,3fdbf4c9,23-Mar-17,3,Mar,1,2018,1,1,SPRING,A,4.0,A,4.0,pass,1,pass,1
17,FALL,116,0,#N/A,#N/A,#N/A,#N/A,21-Aug-17,P089009198,3fe9f961,18-Jul-17,7,Jul,0,2019,2,1,FALL,A,4.0,B,3.0,pass,1,pass,1
17,FALL,116,0,#N/A,#N/A,#N/A,#N/A,21-Aug-17,P089009198,3ba50a0d,23-Mar-17,3,Mar,1,2018,1,1,SPRING,B,3.0,A,4.0,pass,1,pass,1
17,FALL,116,0,#N/A,#N/A,#N/A,#N/A,21-Aug-17,P089009198,3fe89b2f,18-Jul-17,7,Jul,0,2018,1,1,SPRING,B,3.0,F,0.0,pass,1,fail,0
17,FALL,116,0,#N/A,#N/A,#N/A,#N/A,21-Aug-17,P089009198,3fef2a03,2-Aug-17,8,Aug,0,2020,3,1,SPRING,F,0.0,F,0.0,fail,0,fail,0
17,FALL,116,0,#N/A,#N/A,#N/A,#N/A,21-Aug-17,P089009198,3fe0fc71,19-Jul-17,7,Jul,0,2018,1,1,SPRING,D,1.0,D,1.0,fail,0,fail,0
17,FALL,116,0,#N/A,#N/A,#N/A,#N/A,21-Aug-17,P089009198,3fdb0433,5-Apr-17,4,Apr,1,2020,3,1,SPRING,A,4.0,A,4.0,pass,1,pass,1
17,FALL,116,0,#N/A,#N/A,#N/A,#N/A,21-Aug-17,P089009198,3fd9cbd1,21-Aug-17,8,Aug,0,2018,1,1,SPRING,C,2.0,B,3.0,pass,1,pass,1
17,FALL,116,0,#N/A,#N/A,#N/A,#N/A,21-Aug-17,P089009198,3fe55947,18-Jul-17,7,Jul,0,2020,3,1,SPRING,B,3.0,A,4.0,pass,1,pass,1
17,FALL,116,0,#N/A,#N/A,#N/A,#N/A,21-Aug-17,P089009198,3ba24831,23-Mar-17,3,Mar,1,2018,1,1,SPRING,A,4.0,B,3.0,pass,1,pass,1
17,FALL,116,0,#N/A,#N/A,#N/A,#N/A,21-Aug-17,P089009198,3fdea22d,5-Apr-17,4,Apr,1,2020,3,1,SPRING,A,4.0,B,3.0,pass,1,pass,1
17,FALL,116,0,#N/A,#N/A,#N/A,#N/A,21-Aug-17,P089009198,3bacc257,20-Mar-17,3,Mar,1,2017,0,0,FALL,A,4.0,A,4.0,pass,1,pass,1
17,FALL,116,0,#N/A,#N/A,#N/A,#N/A,21-Aug-17,P107265287,3fe870f5,14-Jul-17,7,Jul,0,2018,1,1,SPRING,F,0.0,C,2.0,fail,0,pass,1
17,FALL,116,0,#N/A,#N/A,#N/A,#N/A,21-Aug-17,P107265287,3fef66d5,2-Aug-17,8,Aug,0,2020,3,1,SPRING,C,2.0,A,4.0,pass,1,pass,1
17,FALL,116,0,#N/A,#N/A,#N/A,#N/A,21-Aug-17,P107265287,3fecd64f,22-Aug-17,8,Aug,0,2020,3,1,SPRING,F,0.0,D,1.0,fail,0,fail,0
17,FALL,116,0,#N/A,#N/A,#N/A,#N/A,21-Aug-17,P107265287,3fe8ae53,13-Jul-17,7,Jul,0,2018,1,1,SPRING,D,1.0,D,1.0,fail,0,fail,0
17,FALL,116,0,#N/A,#N/A,#N/A,#N/A,21-Aug-17,P107265287,3fef357f,22-Aug-17,8,Aug,0,2018,1,1,FALL,C,2.0,D,1.0,pass,1,fail,0
17,FALL,116,0,#N/A,#N/A,#N/A,#N/A,21-Aug-17,P107265287,3ba6d789,20-Aug-17,8,Aug,0,2018,1,1,SPRING,B,3.0,B,3.0,pass,1,pass,1
17,FALL,116,0,#N/A,#N/A,#N/A,#N/A,21-Aug-17,P107180114,3fed3527,18-Jul-17,7,Jul,0,2018,1,1,FALL,B,3.0,C,2.0,pass,1,pass,1
17,FALL,116,0,#N/A,#N/A,#N/A,#N/A,21-Aug-17,P107180114,3fef2dff,30-Aug-17,8,Aug,0,2017,0,0,FALL,F,0.0,F,0.0,fail,0,fail,0
17,FALL,116,0,#N/A,#N/A,#N/A,#N/A,21-Aug-17,P107180114,3fef7161,2-Aug-17,8,Aug,0,2019,2,1,SPRING,A,4.0,A,4.0,pass,1,pass,1
17,FALL,116,0,#N/A,#N/A,#N/A,#N/A,21-Aug-17,P107180114,3fef66cb,2-Aug-17,8,Aug,0,2018,1,1,SPRING,B,3.0,A,4.0,pass,1,pass,1
17,FALL,116,0,#N/A,#N/A,#N/A,#N/A,21-Aug-17,P107180114,3fea408d,17-Jul-17,7,Jul,0,2018,1,1,SPRING,A,4.0,C,2.0,pass,1,pass,1
17,FALL,117,0,#N/A,#N/A,#N/A,#N/A,21-Aug-17,P107265286,3ba9213d,5-Apr-17,4,Apr,1,2020,3,1,SPRING,C,2.0,C,2.0,pass,1,pass,1
17,FALL,117,0,#N/A,#N/A,#N/A,#N/A,21-Aug-17,P107265286,3fe08327,12-Jul-17,7,Jul,0,2017,0,0,FALL,D+,1.3,F,0.0,fail,0,fail,0
17,FALL,117,0,#N/A,#N/A,#N/A,#N/A,21-Aug-17,P107265286,3ba8ab95,23-Mar-17,3,Mar,1,2018,1,1,SPRING,B,3.0,A-,3.7,pass,1,pass,1
17,FALL,117,0,#N/A,#N/A,#N/A,#N/A,21-Aug-17,P107265286,3fd73169,29-Mar-17,3,Mar,1,2020,3,1,SPRING,A,4.0,B+,3.3,pass,1,pass,1
17,FALL,117,0,#N/A,#N/A,#N/A,#N/A,21-Aug-17,P107265286,3bace31d,23-Mar-17,3,Mar,1,2018,1,1,SUMMER,B,3.0,C+,2.3,pass,1,pass,1
17,FALL,117,0,#N/A,#N/A,#N/A,#N/A,21-Aug-17,P107265286,3fe1844d,5-Apr-17,4,Apr,1,2020,3,1,SPRING,D-,0.7,W,0.1,fail,0,W,0
17,FALL,117,0,#N/A,#N/A,#N/A,#N/A,21-Aug-17,P107265286,3ba9e3b1,5-Apr-17,4,Apr,1,2017,0,0,FALL,F,0.0,W,0.1,fail,0,W,0
17,FALL,117,0,#N/A,#N/A,#N/A,#N/A,21-Aug-17,P107265286,3fe9f367,20-Jul-17,7,Jul,0,2017,0,0,FALL,D-,0.7,W,0.1,fail,0,W,0
17,FALL,117,0,#N/A,#N/A,#N/A,#N/A,21-Aug-17,P107265286,3fdb7233,5-Apr-17,4,Apr,1,2020,3,1,SPRING,C+,2.3,C,2.0,pass,1,pass,1
17,FALL,117,0,#N/A,#N/A,#N/A,#N/A,21-Aug-17,P107265286,3bad4d0d,27-Mar-17,3,Mar,1,2019,2,1,FALL,A,4.0,A-,3.7,pass,1,pass,1
17,FALL,117,0,#N/A,#N/A,#N/A,#N/A,21-Aug-17,P107265286,3fdd4e41,5-Apr-17,4,Apr,1,2020,3,1,SPRING,B-,2.7,C,2.0,pass,1,pass,1
17,FALL,117,0,#N/A,#N/A,#N/A,#N/A,21-Aug-17,P107265286,3bad03c5,5-Apr-17,4,Apr,1,2020,3,1,SPRING,B,3.0,B+,3.3,pass,1,pass,1
17,FALL,117,0,#N/A,#N/A,#N/A,#N/A,21-Aug-17,P107265286,3fe216c9,6-Jul-17,7,Jul,0,2019,2,1,SPRING,D+,1.3,D+,1.3,fail,0,fail,0
17,FALL,117,0,#N/A,#N/A,#N/A,#N/A,21-Aug-17,P107265286,3fe1d2c7,5-Apr-17,4,Apr,1,2018,1,1,SPRING,F,0.0,D+,1.3,fail,0,fail,0
17,FALL,117,0,#N/A,#N/A,#N/A,#N/A,21-Aug-17,P107265286,3fe328b1,13-Jul-17,7,Jul,0,2018,1,1,SPRING,F,0.0,W,0.1,fail,0,W,0
17,FALL,117,0,#N/A,#N/A,#N/A,#N/A,21-Aug-17,P107265286,3fd59c73,5-Apr-17,4,Apr,1,2018,1,1,FALL,B+,3.3,A-,3.7,pass,1,pass,1
17,FALL,117,0,#N/A,#N/A,#N/A,#N/A,21-Aug-17,P107265286,3fe7eb35,18-Aug-17,8,Aug,0,2017,0,0,FALL,D+,1.3,F,0.0,fail,0,fail,0
17,FALL,117,0,#N/A,#N/A,#N/A,#N/A,21-Aug-17,P107265286,3ba3766b,27-Mar-17,3,Mar,1,2019,2,1,SPRING,A-,3.7,A,4.0,pass,1,pass,1
17,FALL,117,0,#N/A,#N/A,#N/A,#N/A,21-Aug-17,P107265287,3ba433f3,5-Apr-17,4,Apr,1,2020,3,1,SPRING,A,4.0,B,3.0,pass,1,pass,1
17,FALL,117,0,#N/A,#N/A,#N/A,#N/A,21-Aug-17,P107265287,3ba77239,23-Mar-17,3,Mar,1,2020,3,1,SPRING,A,4.0,A,4.0,pass,1,pass,1
17,FALL,117,0,#N/A,#N/A,#N/A,#N/A,21-Aug-17,P107265287,3fe65ac7,13-Jul-17,7,Jul,0,2018,1,1,FALL,B,3.0,W,0.1,pass,1,W,0
17,FALL,117,0,#N/A,#N/A,#N/A,#N/A,21-Aug-17,P107265287,3fe8953f,13-Jul-17,7,Jul,0,2017,0,0,FALL,A,4.0,B,3.0,pass,1,pass,1
17,FALL,117,0,#N/A,#N/A,#N/A,#N/A,21-Aug-17,P107265287,3ba900d1,27-Mar-17,3,Mar,1,2019,2,1,SPRING,A,4.0,A,4.0,pass,1,pass,1
17,FALL,117,0,#N/A,#N/A,#N/A,#N/A,21-Aug-17,P107265287,3fe46faf,29-Mar-17,3,Mar,1,2020,3,1,SPRING,F,0.0,B,3.0,fail,0,pass,1
17,FALL,117,0,#N/A,#N/A,#N/A,#N/A,21-Aug-17,P107180113,3fe9a53d,17-Jul-17,7,Jul,0,2017,0,0,FALL,F,0.0,D,1.0,fail,0,fail,0
17,FALL,117,0,#N/A,#N/A,#N/A,#N/A,21-Aug-17,P107180113,3bad6e19,23-Mar-17,3,Mar,1,2019,2,1,SPRING,A,4.0,A,4.0,pass,1,pass,1
17,FALL,117,0,#N/A,#N/A,#N/A,#N/A,21-Aug-17,P107180113,3fda7c25,14-Jul-17,7,Jul,0,2019,2,1,SPRING,D,1.0,D,1.0,fail,0,fail,0
17,FALL,117,0,#N/A,#N/A,#N/A,#N/A,21-Aug-17,P107180113,3d533159,27-Mar-17,3,Mar,1,2019,2,1,SPRING,F,0.0,C,2.0,fail,0,pass,1
17,FALL,117,0,#N/A,#N/A,#N/A,#N/A,21-Aug-17,P107180113,3fdd74b1,1-Aug-17,8,Aug,0,2018,1,1,SPRING,C,2.0,B,3.0,pass,1,pass,1
17,FALL,117,0,#N/A,#N/A,#N/A,#N/A,21-Aug-17,P107180113,3ba7fa97,22-Aug-17,8,Aug,0,2020,3,1,SPRING,D,1.0,D,1.0,fail,0,fail,0
17,FALL,117,0,#N/A,#N/A,#N/A,#N/A,21-Aug-17,P107180113,3bad471d,27-Mar-17,3,Mar,1,2019,2,1,SPRING,C,2.0,C,2.0,pass,1,pass,1
17,FALL,117,0,#N/A,#N/A,#N/A,#N/A,21-Aug-17,P107265286,3fe7fcc9,17-Jul-17,7,Jul,0,2017,0,0,FALL,C,2.0,F,0.0,pass,1,fail,0
17,FALL,117,0,#N/A,#N/A,#N/A,#N/A,21-Aug-17,P107265286,3fdd253d,3-Aug-17,8,Aug,0,2019,2,1,FALL,B-,2.7,C+,2.3,pass,1,pass,1
17,FALL,117,0,#N/A,#N/A,#N/A,#N/A,21-Aug-17,P107265286,3fec3325,14-Jul-17,7,Jul,0,2018,1,1,SPRING,C+,2.3,C-,1.7,pass,1,pass,1
17,FALL,117,0,#N/A,#N/A,#N/A,#N/A,21-Aug-17,P107265286,3feb112f,17-Jul-17,7,Jul,0,2020,3,1,SPRING,C-,1.7,D,1.0,pass,1,fail,0
17,FALL,117,0,#N/A,#N/A,#N/A,#N/A,21-Aug-17,P107265286,3fe99651,17-Jul-17,7,Jul,0,2019,2,1,SPRING,A+,4.3,A+,4.3,pass,1,pass,1
17,FALL,117,0,#N/A,#N/A,#N/A,#N/A,21-Aug-17,P107265286,3fe91a69,19-Jul-17,7,Jul,0,2018,1,1,SPRING,F,0.0,W,0.1,fail,0,W,0
17,FALL,120,0,#N/A,#N/A,#N/A,#N/A,21-Aug-17,P089003876,3fd785ab,5-Apr-17,4,Apr,1,2020,3,1,SPRING,B,3.0,A,4.0,pass,1,pass,1
17,FALL,120,0,#N/A,#N/A,#N/A,#N/A,21-Aug-17,P089003876,3fdd882f,28-Jun-17,6,Jun,0,2019,2,1,SUMMER,C,2.0,C,2.0,pass,1,pass,1
17,FALL,120,0,#N/A,#N/A,#N/A,#N/A,21-Aug-17,P089003876,3fdce5d7,18-Apr-17,4,Apr,1,2018,1,1,SPRING,A,4.0,A,4.0,pass,1,pass,1
17,FALL,120,0,#N/A,#N/A,#N/A,#N/A,21-Aug-17,P089003876,3bad6c1b,27-Mar-17,3,Mar,1,2019,2,1,SPRING,B,3.0,A,4.0,pass,1,pass,1
17,FALL,120,0,#N/A,#N/A,#N/A,#N/A,21-Aug-17,P089003876,3fd62e6d,27-Mar-17,3,Mar,1,2019,2,1,SPRING,C,2.0,B,3.0,pass,1,pass,1
17,FALL,120,0,#N/A,#N/A,#N/A,#N/A,21-Aug-17,P089003876,3ba2fe39,25-Apr-17,4,Apr,1,2017,0,0,FALL,D-,0.7,C,2.0,fail,0,pass,1
17,FALL,120,0,#N/A,#N/A,#N/A,#N/A,21-Aug-17,P089003876,3ba7049d,23-Mar-17,3,Mar,1,2020,3,1,SPRING,F,0.0,D,1.0,fail,0,fail,0
17,FALL,120,0,#N/A,#N/A,#N/A,#N/A,21-Aug-17,P089003876,3fe3556b,12-Apr-17,4,Apr,1,2020,3,1,SPRING,B,3.0,B,3.0,pass,1,pass,1
17,FALL,120,0,#N/A,#N/A,#N/A,#N/A,21-Aug-17,P089003876,3fd83ca3,20-Jun-17,6,Jun,0,2020,3,1,SPRING,B,3.0,A,4.0,pass,1,pass,1
17,FALL,120,0,#N/A,#N/A,#N/A,#N/A,21-Aug-17,P089003876,3fdb5307,5-Apr-17,4,Apr,1,2020,3,1,SPRING,B,3.0,A-,3.7,pass,1,pass,1
17,FALL,120,0,#N/A,#N/A,#N/A,#N/A,21-Aug-17,P089003876,3bab32b1,5-Apr-17,4,Apr,1,2020,3,1,SPRING,C+,2.3,A,4.0,pass,1,pass,1
17,FALL,120,0,#N/A,#N/A,#N/A,#N/A,21-Aug-17,P089003876,3fd92d75,10-Apr-17,4,Apr,1,2017,0,0,FALL,D,1.0,F,0.0,fail,0,fail,0
17,FALL,120,0,#N/A,#N/A,#N/A,#N/A,21-Aug-17,P089003876,3fe7ff5d,18-Aug-17,8,Aug,0,2020,3,1,SPRING,F,0.0,W,0.1,fail,0,W,0
17,FALL,120,0,#N/A,#N/A,#N/A,#N/A,21-Aug-17,P089003876,3fdb2477,5-Apr-17,4,Apr,1,2020,3,1,SPRING,B+,3.3,A,4.0,pass,1,pass,1
17,FALL,120,0,#N/A,#N/A,#N/A,#N/A,21-Aug-17,P089003876,3bab76f9,5-Apr-17,4,Apr,1,2020,3,1,SPRING,A,4.0,A+,4.3,pass,1,pass,1
17,FALL,120,0,#N/A,#N/A,#N/A,#N/A,21-Aug-17,P089003876,3fef69a5,9-Aug-17,8,Aug,0,2020,3,1,SPRING,B,3.0,B,3.0,pass,1,pass,1
17,FALL,120,0,#N/A,#N/A,#N/A,#N/A,21-Aug-17,P089003876,3ba8fc49,24-Aug-17,8,Aug,0,2018,1,1,SPRING,D,1.0,W,0.1,fail,0,W,0
17,FALL,120,0,#N/A,#N/A,#N/A,#N/A,21-Aug-17,P089003876,3ba4fec3,20-Mar-17,3,Mar,1,2018,1,1,SPRING,B,3.0,B,3.0,pass,1,pass,1
17,FALL,120,0,#N/A,#N/A,#N/A,#N/A,21-Aug-17,P093001886,3fd785ab,5-Apr-17,4,Apr,1,2020,3,1,SPRING,B,3.0,A,4.0,pass,1,pass,1
17,FALL,120,0,#N/A,#N/A,#N/A,#N/A,21-Aug-17,P093001886,3fdd882f,28-Jun-17,6,Jun,0,2019,2,1,SUMMER,C,2.0,C,2.0,pass,1,pass,1
17,FALL,120,0,#N/A,#N/A,#N/A,#N/A,21-Aug-17,P093001886,3fdce5d7,18-Apr-17,4,Apr,1,2018,1,1,SPRING,A,4.0,A,4.0,pass,1,pass,1
17,FALL,120,0,#N/A,#N/A,#N/A,#N/A,21-Aug-17,P093001886,3bad6c1b,27-Mar-17,3,Mar,1,2019,2,1,SPRING,B,3.0,A,4.0,pass,1,pass,1
17,FALL,120,0,#N/A,#N/A,#N/A,#N/A,21-Aug-17,P093001886,3fd62e6d,27-Mar-17,3,Mar,1,2019,2,1,SPRING,C,2.0,B,3.0,pass,1,pass,1
17,FALL,120,0,#N/A,#N/A,#N/A,#N/A,21-Aug-17,P093001886,3ba2fe39,25-Apr-17,4,Apr,1,2017,0,0,FALL,D-,0.7,C,2.0,fail,0,pass,1
17,FALL,120,0,#N/A,#N/A,#N/A,#N/A,21-Aug-17,P093001886,3ba7049d,23-Mar-17,3,Mar,1,2020,3,1,SPRING,F,0.0,D,1.0,fail,0,fail,0
17,FALL,120,0,#N/A,#N/A,#N/A,#N/A,21-Aug-17,P093001886,3fe3556b,12-Apr-17,4,Apr,1,2020,3,1,SPRING,B,3.0,B,3.0,pass,1,pass,1
17,FALL,120,0,#N/A,#N/A,#N/A,#N/A,21-Aug-17,P093001886,3fd83ca3,20-Jun-17,6,Jun,0,2020,3,1,SPRING,B,3.0,A,4.0,pass,1,pass,1
17,FALL,120,0,#N/A,#N/A,#N/A,#N/A,21-Aug-17,P093001886,3fdb5307,5-Apr-17,4,Apr,1,2020,3,1,SPRING,B,3.0,A-,3.7,pass,1,pass,1
17,FALL,120,0,#N/A,#N/A,#N/A,#N/A,21-Aug-17,P093001886,3bab32b1,5-Apr-17,4,Apr,1,2020,3,1,SPRING,C+,2.3,A,4.0,pass,1,pass,1
17,FALL,120,0,#N/A,#N/A,#N/A,#N/A,21-Aug-17,P093001886,3fd92d75,10-Apr-17,4,Apr,1,2017,0,0,FALL,D,1.0,F,0.0,fail,0,fail,0
17,FALL,120,0,#N/A,#N/A,#N/A,#N/A,21-Aug-17,P093001886,3fe7ff5d,18-Aug-17,8,Aug,0,2020,3,1,SPRING,F,0.0,W,0.1,fail,0,W,0
17,FALL,120,0,#N/A,#N/A,#N/A,#N/A,21-Aug-17,P093001886,3fdb2477,5-Apr-17,4,Apr,1,2020,3,1,SPRING,B+,3.3,A,4.0,pass,1,pass,1
17,FALL,120,0,#N/A,#N/A,#N/A,#N/A,21-Aug-17,P093001886,3bab76f9,5-Apr-17,4,Apr,1,2020,3,1,SPRING,A,4.0,A+,4.3,pass,1,pass,1
17,FALL,120,0,#N/A,#N/A,#N/A,#N/A,21-Aug-17,P093001886,3fef69a5,9-Aug-17,8,Aug,0,2020,3,1,SPRING,B,3.0,B,3.0,pass,1,pass,1
17,FALL,120,0,#N/A,#N/A,#N/A,#N/A,21-Aug-17,P093001886,3ba8fc49,24-Aug-17,8,Aug,0,2018,1,1,SPRING,D,1.0,W,0.1,fail,0,W,0
17,FALL,120,0,#N/A,#N/A,#N/A,#N/A,21-Aug-17,P093001886,3ba4fec3,20-Mar-17,3,Mar,1,2018,1,1,SPRING,B,3.0,B,3.0,pass,1,pass,1
17,FALL,120,0,#N/A,#N/A,#N/A,#N/A,21-Aug-17,P100021964,3fe9558d,13-Jul-17,7,Jul,0,2020,3,1,SPRING,F,0.0,W,0.1,fail,0,W,0
17,FALL,120,0,#N/A,#N/A,#N/A,#N/A,21-Aug-17,P100021964,3fdd9e4b,23-Jun-17,6,Jun,0,2019,2,1,SPRING,C,2.0,D,1.0,pass,1,fail,0
17,FALL,120,0,#N/A,#N/A,#N/A,#N/A,21-Aug-17,P100021964,3babbf15,14-Aug-17,8,Aug,0,2018,1,1,SPRING,A,4.0,A,4.0,pass,1,pass,1
17,FALL,120,0,#N/A,#N/A,#N/A,#N/A,21-Aug-17,P100021964,3fe30e67,14-Jul-17,7,Jul,0,2020,3,1,SPRING,B,3.0,B,3.0,pass,1,pass,1
17,FALL,120,0,#N/A,#N/A,#N/A,#N/A,21-Aug-17,P100021964,3ba778c9,21-Aug-17,8,Aug,0,2018,1,1,SPRING,F,0.0,W,0.1,fail,0,W,0
17,FALL,120,0,#N/A,#N/A,#N/A,#N/A,21-Aug-17,P100021964,3fe32843,14-Jul-17,7,Jul,0,2020,3,1,SPRING,A+,4.3,A,4.0,pass,1,pass,1
17,FALL,120,0,#N/A,#N/A,#N/A,#N/A,21-Aug-17,P107265287,3bac7149,5-Apr-17,4,Apr,1,2020,3,1,SPRING,D,1.0,W,0.1,fail,0,W,0
17,FALL,120,0,#N/A,#N/A,#N/A,#N/A,21-Aug-17,P107265287,3fded1f3,5-Apr-17,4,Apr,1,2019,2,1,SPRING,I,0.1,W,0.1,I,0,W,0
17,FALL,120,0,#N/A,#N/A,#N/A,#N/A,21-Aug-17,P107265287,3bab0efd,10-Apr-17,4,Apr,1,2020,3,1,SPRING,D,1.0,C,2.0,fail,0,pass,1
17,FALL,120,0,#N/A,#N/A,#N/A,#N/A,21-Aug-17,P107180114,3fe75d2d,25-Aug-17,8,Aug,0,2020,3,1,SPRING,,,W,0.1,,,W,0
17,FALL,120,0,#N/A,#N/A,#N/A,#N/A,21-Aug-17,P107180114,3fd60861,21-May-17,5,May,1,2019,2,1,SPRING,B,3.0,A,4.0,pass,1,pass,1
17,FALL,120,0,#N/A,#N/A,#N/A,#N/A,21-Aug-17,P107180114,3fe48017,19-Apr-17,4,Apr,1,2017,0,0,FALL,A,4.0,A,4.0,pass,1,pass,1
17,FALL,120,0,#N/A,#N/A,#N/A,#N/A,21-Aug-17,P107180114,3fe81f47,29-Mar-17,3,Mar,1,2020,3,1,SPRING,A-,3.7,A,4.0,pass,1,pass,1
17,FALL,120,0,#N/A,#N/A,#N/A,#N/A,21-Aug-17,P107180114,3baae531,24-Jul-17,7,Jul,0,2019,2,1,SUMMER,A,4.0,A,4.0,pass,1,pass,1
17,FALL,120,0,#N/A,#N/A,#N/A,#N/A,21-Aug-17,P107180114,3fdaeda9,21-Aug-17,8,Aug,0,2020,3,1,SPRING,A,4.0,A,4.0,pass,1,pass,1
17,FALL,120,0,#N/A,#N/A,#N/A,#N/A,21-Aug-17,P107180114,3bad775b,24-Jul-17,7,Jul,0,2019,2,1,SPRING,A,4.0,A,4.0,pass,1,pass,1
17,FALL,120,0,#N/A,#N/A,#N/A,#N/A,21-Aug-17,P107180114,3baae7e3,29-Mar-17,3,Mar,1,2020,3,1,SPRING,A,4.0,A,4.0,pass,1,pass,1
17,FALL,120,0,#N/A,#N/A,#N/A,#N/A,21-Aug-17,P107180114,3fd92faf,28-Jul-17,7,Jul,0,2020,3,1,SPRING,A,4.0,A,4.0,pass,1,pass,1
17,FALL,120,0,#N/A,#N/A,#N/A,#N/A,21-Aug-17,P107180114,3fdeddb5,29-Mar-17,3,Mar,1,2020,3,1,SPRING,A-,3.7,B,3.0,pass,1,pass,1
17,FALL,120,0,#N/A,#N/A,#N/A,#N/A,21-Aug-17,P107180114,3fe99cd7,19-Apr-17,4,Apr,1,2017,0,0,FALL,A,4.0,A,4.0,pass,1,pass,1
17,FALL,120,0,#N/A,#N/A,#N/A,#N/A,21-Aug-17,P107180114,3ba221d5,20-Aug-17,8,Aug,0,2018,1,1,SPRING,A,4.0,B,3.0,pass,1,pass,1
17,FALL,120,0,#N/A,#N/A,#N/A,#N/A,21-Aug-17,P107180114,3fdb801b,6-Apr-17,4,Apr,1,2020,3,1,SPRING,A,4.0,B,3.0,pass,1,pass,1
17,FALL,120,0,#N/A,#N/A,#N/A,#N/A,21-Aug-17,P107180114,3feca021,17-Jul-17,7,Jul,0,2018,1,1,SPRING,C+,2.3,C,2.0,pass,1,pass,1
17,FALL,120,0,#N/A,#N/A,#N/A,#N/A,21-Aug-17,P093001886,3ba87f3f,16-Mar-17,3,Mar,1,2019,2,1,SPRING,B,3.0,A,4.0,pass,1,pass,1
17,FALL,120,0,#N/A,#N/A,#N/A,#N/A,21-Aug-17,P093001886,3fe4ada3,18-Aug-17,8,Aug,0,2018,1,1,SPRING,C,2.0,C-,1.7,pass,1,pass,1
17,FALL,120,0,#N/A,#N/A,#N/A,#N/A,21-Aug-17,P093001886,3bad1671,27-Mar-17,3,Mar,1,2020,3,1,SPRING,A,4.0,A,4.0,pass,1,pass,1
17,FALL,120,0,#N/A,#N/A,#N/A,#N/A,21-Aug-17,P093001886,3ba720d1,23-Aug-17,8,Aug,0,2019,2,1,FALL,D,1.0,D-,0.7,fail,0,fail,0
17,FALL,120,0,#N/A,#N/A,#N/A,#N/A,21-Aug-17,P093001886,3fe88cbb,31-Jul-17,7,Jul,0,2019,2,1,SPRING,D,1.0,D-,0.7,fail,0,fail,0
17,FALL,120,0,#N/A,#N/A,#N/A,#N/A,21-Aug-17,P093001886,3fdc0ca7,21-Aug-17,8,Aug,0,2019,2,1,FALL,C,2.0,B,3.0,pass,1,pass,1
17,FALL,120,0,#N/A,#N/A,#N/A,#N/A,21-Aug-17,P093001886,3fdc28e5,24-Jul-17,7,Jul,0,2018,1,1,SPRING,B,3.0,B,3.0,pass,1,pass,1
17,FALL,120,0,#N/A,#N/A,#N/A,#N/A,21-Aug-17,P093001886,3ba8f93d,17-Jul-17,7,Jul,0,2019,2,1,TRSUMM,F,0.0,W,0.1,fail,0,W,0
17,FALL,120,0,#N/A,#N/A,#N/A,#N/A,21-Aug-17,P093001886,3ba4c39f,20-Aug-17,8,Aug,0,2020,3,1,SPRING,B,3.0,C,2.0,pass,1,pass,1
17,FALL,120,0,#N/A,#N/A,#N/A,#N/A,21-Aug-17,P093001886,3fde4409,5-Apr-17,4,Apr,1,2020,3,1,SPRING,A,4.0,A,4.0,pass,1,pass,1
17,FALL,120,0,#N/A,#N/A,#N/A,#N/A,21-Aug-17,P093001886,3fdc155d,5-Apr-17,4,Apr,1,2020,3,1,SPRING,B,3.0,B,3.0,pass,1,pass,1
17,FALL,120,0,#N/A,#N/A,#N/A,#N/A,21-Aug-17,P107265286,3ba652e1,8-Aug-17,8,Aug,0,2020,3,1,SPRING,A-,3.7,A-,3.7,pass,1,pass,1
17,FALL,209,0,#N/A,#N/A,#N/A,#N/A,21-Aug-17,P002014415,3fd8c92f,6-Apr-17,4,Apr,1,2020,3,1,SPRING,A,4.0,A,4.0,pass,1,pass,1
17,FALL,209,0,#N/A,#N/A,#N/A,#N/A,21-Aug-17,P002014415,3ba6252d,23-Mar-17,3,Mar,1,2018,1,1,SPRING,B,3.0,B,3.0,pass,1,pass,1
17,FALL,209,0,#N/A,#N/A,#N/A,#N/A,21-Aug-17,P002014415,3fdcc525,11-Apr-17,4,Apr,1,2020,3,1,SPRING,B,3.0,A,4.0,pass,1,pass,1
17,FALL,209,0,#N/A,#N/A,#N/A,#N/A,21-Aug-17,P002014415,3bad2d55,20-Jun-17,6,Jun,0,2018,1,1,SPRING,F,0.0,C,2.0,fail,0,pass,1
17,FALL,209,0,#N/A,#N/A,#N/A,#N/A,21-Aug-17,P002014415,3fd5b7e9,23-Mar-17,3,Mar,1,2019,2,1,SPRING,A,4.0,A+,4.3,pass,1,pass,1
17,FALL,209,0,#N/A,#N/A,#N/A,#N/A,21-Aug-17,P002014415,3fd61c75,18-Aug-17,8,Aug,0,2018,1,1,SPRING,B,3.0,A-,3.7,pass,1,pass,1
17,FALL,209,0,#N/A,#N/A,#N/A,#N/A,21-Aug-17,P002014415,3fe363df,14-Jul-17,7,Jul,0,2020,3,1,SPRING,B,3.0,B-,2.7,pass,1,pass,1
17,FALL,209,0,#N/A,#N/A,#N/A,#N/A,21-Aug-17,P089003876,3fd8c92f,6-Apr-17,4,Apr,1,2020,3,1,SPRING,A,4.0,A,4.0,pass,1,pass,1
17,FALL,209,0,#N/A,#N/A,#N/A,#N/A,21-Aug-17,P089003876,3ba6252d,23-Mar-17,3,Mar,1,2018,1,1,SPRING,B,3.0,B,3.0,pass,1,pass,1
17,FALL,209,0,#N/A,#N/A,#N/A,#N/A,21-Aug-17,P089003876,3fdcc525,11-Apr-17,4,Apr,1,2020,3,1,SPRING,B,3.0,A,4.0,pass,1,pass,1
17,FALL,209,0,#N/A,#N/A,#N/A,#N/A,21-Aug-17,P089003876,3bad2d55,20-Jun-17,6,Jun,0,2018,1,1,SPRING,F,0.0,C,2.0,fail,0,pass,1
17,FALL,209,0,#N/A,#N/A,#N/A,#N/A,21-Aug-17,P089003876,3fd5b7e9,23-Mar-17,3,Mar,1,2019,2,1,SPRING,A,4.0,A+,4.3,pass,1,pass,1
17,FALL,209,0,#N/A,#N/A,#N/A,#N/A,21-Aug-17,P089003876,3fd61c75,18-Aug-17,8,Aug,0,2018,1,1,SPRING,B,3.0,A-,3.7,pass,1,pass,1
17,FALL,209,0,#N/A,#N/A,#N/A,#N/A,21-Aug-17,P089003876,3fe363df,14-Jul-17,7,Jul,0,2020,3,1,SPRING,B,3.0,B-,2.7,pass,1,pass,1
17,FALL,209,0,#N/A,#N/A,#N/A,#N/A,21-Aug-17,P002014415,3fe29261,29-Mar-17,3,Mar,1,2020,3,1,SPRING,A,4.0,A,4.0,pass,1,pass,1
17,FALL,209,0,#N/A,#N/A,#N/A,#N/A,21-Aug-17,P002014415,3fea0c99,13-Jul-17,7,Jul,0,2018,1,1,SPRING,B,3.0,C,2.0,pass,1,pass,1
17,FALL,209,0,#N/A,#N/A,#N/A,#N/A,21-Aug-17,P002014415,3fd698fd,26-Jul-17,7,Jul,0,2020,3,1,SPRING,B,3.0,B-,2.7,pass,1,pass,1
17,FALL,209,0,#N/A,#N/A,#N/A,#N/A,21-Aug-17,P002014415,3fedc1a9,10-Jul-17,7,Jul,0,2018,1,1,SPRING,B,3.0,C-,1.7,pass,1,pass,1
17,FALL,209,0,#N/A,#N/A,#N/A,#N/A,21-Aug-17,P002014415,3ba3d877,20-Mar-17,3,Mar,1,2017,0,0,FALL,B,3.0,B,3.0,pass,1,pass,1
17,FALL,209,0,#N/A,#N/A,#N/A,#N/A,21-Aug-17,P002014415,3fdae65b,29-Mar-17,3,Mar,1,2020,3,1,SPRING,A,4.0,A+,4.3,pass,1,pass,1
17,FALL,209,0,#N/A,#N/A,#N/A,#N/A,21-Aug-17,P002014415,3fef5497,2-Aug-17,8,Aug,0,2019,2,1,FALL,B,3.0,B,3.0,pass,1,pass,1
17,FALL,209,0,#N/A,#N/A,#N/A,#N/A,21-Aug-17,P002014415,3fdb4083,5-Apr-17,4,Apr,1,2020,3,1,SPRING,A,4.0,A,4.0,pass,1,pass,1
17,FALL,209,0,#N/A,#N/A,#N/A,#N/A,21-Aug-17,P002014415,3ba8d827,5-Apr-17,4,Apr,1,2020,3,1,SPRING,A,4.0,A+,4.3,pass,1,pass,1
17,FALL,209,0,#N/A,#N/A,#N/A,#N/A,21-Aug-17,P002014415,3ba3d63d,22-Mar-17,3,Mar,1,2020,3,1,SPRING,A,4.0,A,4.0,pass,1,pass,1
17,FALL,209,0,#N/A,#N/A,#N/A,#N/A,21-Aug-17,P002014415,3babd3b5,5-Apr-17,4,Apr,1,2017,0,0,FALL,A-,3.7,A,4.0,pass,1,pass,1
17,FALL,209,0,#N/A,#N/A,#N/A,#N/A,21-Aug-17,P002014415,3fdaef57,5-Apr-17,4,Apr,1,2020,3,1,SPRING,A,4.0,A,4.0,pass,1,pass,1
17,FALL,209,0,#N/A,#N/A,#N/A,#N/A,21-Aug-17,P002014415,3fdcbda5,5-Apr-17,4,Apr,1,2020,3,1,SPRING,A,4.0,A,4.0,pass,1,pass,1
17,FALL,209,0,#N/A,#N/A,#N/A,#N/A,21-Aug-17,P002014415,3fdb0631,12-Apr-17,4,Apr,1,2018,1,1,SPRING,A,4.0,B,3.0,pass,1,pass,1
17,FALL,209,0,#N/A,#N/A,#N/A,#N/A,21-Aug-17,P002014415,3fdb2143,29-Mar-17,3,Mar,1,2019,2,1,SPRING,A,4.0,B+,3.3,pass,1,pass,1
17,FALL,209,0,#N/A,#N/A,#N/A,#N/A,21-Aug-17,P002014415,3ba86973,8-Jun-17,6,Jun,0,2020,3,1,SPRING,C+,2.3,B-,2.7,pass,1,pass,1
17,FALL,209,0,#N/A,#N/A,#N/A,#N/A,21-Aug-17,P002014415,3babfbfb,23-Mar-17,3,Mar,1,2020,3,1,SPRING,A,4.0,A+,4.3,pass,1,pass,1
17,FALL,209,0,#N/A,#N/A,#N/A,#N/A,21-Aug-17,P002014415,3bad18c9,23-Mar-17,3,Mar,1,2018,1,1,FALL,B,3.0,B,3.0,pass,1,pass,1
17,FALL,209,0,#N/A,#N/A,#N/A,#N/A,21-Aug-17,P002014415,3ba5dca3,21-Mar-17,3,Mar,1,2019,2,1,SPRING,A,4.0,A,4.0,pass,1,pass,1
17,FALL,209,0,#N/A,#N/A,#N/A,#N/A,21-Aug-17,P002014415,3fe29667,12-Jul-17,7,Jul,0,2020,3,1,SPRING,B-,2.7,B,3.0,pass,1,pass,1
17,FALL,209,0,#N/A,#N/A,#N/A,#N/A,21-Aug-17,P002014415,3fdd6859,9-Aug-17,8,Aug,0,2020,3,1,SPRING,B+,3.3,A,4.0,pass,1,pass,1
17,FALL,209,0,#N/A,#N/A,#N/A,#N/A,21-Aug-17,P002014415,3baa16fb,5-Apr-17,4,Apr,1,2020,3,1,SPRING,B,3.0,B,3.0,pass,1,pass,1
17,FALL,209,0,#N/A,#N/A,#N/A,#N/A,21-Aug-17,P002014415,3ba832af,4-Aug-17,8,Aug,0,2019,2,1,SUMMER,D,1.0,D,1.0,fail,0,fail,0
17,FALL,209,0,#N/A,#N/A,#N/A,#N/A,21-Aug-17,P002014415,3fe75d2d,10-Apr-17,4,Apr,1,2020,3,1,SPRING,A,4.0,A+,4.3,pass,1,pass,1
17,FALL,209,0,#N/A,#N/A,#N/A,#N/A,21-Aug-17,P002014415,3ba720d1,22-Aug-17,8,Aug,0,2019,2,1,FALL,C,2.0,C,2.0,pass,1,pass,1
17,FALL,209,0,#N/A,#N/A,#N/A,#N/A,21-Aug-17,P002014415,3fef3557,24-Jul-17,7,Jul,0,2019,2,1,SUMMER,C+,2.3,D,1.0,pass,1,fail,0
17,FALL,209,0,#N/A,#N/A,#N/A,#N/A,21-Aug-17,P002014415,3bad061d,5-Apr-17,4,Apr,1,2020,3,1,SPRING,A,4.0,A,4.0,pass,1,pass,1
17,FALL,209,0,#N/A,#N/A,#N/A,#N/A,21-Aug-17,P002014415,3fe4b681,23-Mar-17,3,Mar,1,2018,1,1,FALL,C,2.0,D,1.0,pass,1,fail,0
17,FALL,209,0,#N/A,#N/A,#N/A,#N/A,21-Aug-17,P002014415,3fdac8d3,12-Apr-17,4,Apr,1,2017,0,0,FALL,A-,3.7,C,2.0,pass,1,pass,1
17,FALL,209,0,#N/A,#N/A,#N/A,#N/A,21-Aug-17,P002014415,3fde90b7,20-Jun-17,6,Jun,0,2018,1,1,FALL,C-,1.7,D,1.0,pass,1,fail,0
17,FALL,209,0,#N/A,#N/A,#N/A,#N/A,21-Aug-17,P002014415,3fde291f,5-Apr-17,4,Apr,1,2020,3,1,SPRING,C,2.0,D+,1.3,pass,1,fail,0
17,FALL,209,0,#N/A,#N/A,#N/A,#N/A,21-Aug-17,P002014415,3fe9c487,13-Jul-17,7,Jul,0,2020,3,1,SPRING,C-,1.7,C-,1.7,pass,1,pass,1
17,FALL,209,0,#N/A,#N/A,#N/A,#N/A,21-Aug-17,P002014415,3fdf9def,5-Apr-17,4,Apr,1,2018,1,1,SPRING,A,4.0,A+,4.3,pass,1,pass,1
17,FALL,209,0,#N/A,#N/A,#N/A,#N/A,21-Aug-17,P100021964,3fd93bfd,14-Jul-17,7,Jul,0,2018,1,1,SPRING,C,2.0,W,0.1,pass,1,W,0
17,FALL,209,0,#N/A,#N/A,#N/A,#N/A,21-Aug-17,P100021964,3fd91763,17-Jul-17,7,Jul,0,2017,0,0,FALL,B,3.0,F,0.0,pass,1,fail,0
17,FALL,209,0,#N/A,#N/A,#N/A,#N/A,21-Aug-17,P100021964,3fe8c2a3,13-Jul-17,7,Jul,0,2020,3,1,SPRING,B,3.0,B,3.0,pass,1,pass,1
17,FALL,209,0,#N/A,#N/A,#N/A,#N/A,21-Aug-17,P100021964,3fd822bd,13-Jul-17,7,Jul,0,2020,3,1,SPRING,A,4.0,A,4.0,pass,1,pass,1
17,FALL,209,0,#N/A,#N/A,#N/A,#N/A,21-Aug-17,P100021964,3fe4166d,31-Jul-17,7,Jul,0,2020,3,1,SPRING,B,3.0,C,2.0,pass,1,pass,1
17,FALL,209,0,#N/A,#N/A,#N/A,#N/A,21-Aug-17,P100021964,3fe06851,5-Apr-17,4,Apr,1,2020,3,1,SPRING,B,3.0,A,4.0,pass,1,pass,1
17,FALL,209,0,#N/A,#N/A,#N/A,#N/A,21-Aug-17,P093001886,3ba1bde9,27-Mar-17,3,Mar,1,2018,1,1,FALL,A,4.0,A,4.0,pass,1,pass,1
17,FALL,209,0,#N/A,#N/A,#N/A,#N/A,21-Aug-17,P093001886,3fdb590b,5-Apr-17,4,Apr,1,2020,3,1,SPRING,A,4.0,A,4.0,pass,1,pass,1
17,FALL,209,0,#N/A,#N/A,#N/A,#N/A,21-Aug-17,P093001886,3fd9540d,5-Apr-17,4,Apr,1,2020,3,1,SPRING,A,4.0,A,4.0,pass,1,pass,1
17,FALL,209,0,#N/A,#N/A,#N/A,#N/A,21-Aug-17,P093001886,3fd76d37,5-Apr-17,4,Apr,1,2019,2,1,SPRING,B,3.0,B,3.0,pass,1,pass,1
17,FALL,209,0,#N/A,#N/A,#N/A,#N/A,21-Aug-17,P093001886,3fdc00b3,5-Apr-17,4,Apr,1,2020,3,1,SPRING,C,2.0,C,2.0,pass,1,pass,1
17,FALL,209,0,#N/A,#N/A,#N/A,#N/A,21-Aug-17,P093001886,3ba8e731,29-Mar-17,3,Mar,1,2018,1,1,FALL,D,1.0,B-,2.7,fail,0,pass,1
17,FALL,209,0,#N/A,#N/A,#N/A,#N/A,21-Aug-17,P093001886,3fd624ef,17-Apr-17,4,Apr,1,2020,3,1,SPRING,A,4.0,B+,3.3,pass,1,pass,1
17,FALL,209,0,#N/A,#N/A,#N/A,#N/A,21-Aug-17,P093001886,3ba93e2f,5-Apr-17,4,Apr,1,2020,3,1,SPRING,C-,1.7,D,1.0,pass,1,fail,0
17,FALL,209,0,#N/A,#N/A,#N/A,#N/A,21-Aug-17,P093001886,3ba7bb27,5-Apr-17,4,Apr,1,2020,3,1,SPRING,B,3.0,B,3.0,pass,1,pass,1
17,FALL,209,0,#N/A,#N/A,#N/A,#N/A,21-Aug-17,P093001886,3ba27455,14-Aug-17,8,Aug,0,2017,0,0,FALL,D,1.0,F,0.0,fail,0,fail,0
17,FALL,209,0,#N/A,#N/A,#N/A,#N/A,21-Aug-17,P093001886,3fdcb585,5-Apr-17,4,Apr,1,2020,3,1,SPRING,B,3.0,A,4.0,pass,1,pass,1
17,FALL,209,0,#N/A,#N/A,#N/A,#N/A,21-Aug-17,P093001886,3fd82c95,5-Apr-17,4,Apr,1,2020,3,1,SPRING,A,4.0,A,4.0,pass,1,pass,1
17,FALL,209,0,#N/A,#N/A,#N/A,#N/A,21-Aug-17,P093001886,3fdcb017,5-Apr-17,4,Apr,1,2020,3,1,SPRING,B+,3.3,B,3.0,pass,1,pass,1
17,FALL,209,0,#N/A,#N/A,#N/A,#N/A,21-Aug-17,P093001886,3fd7b625,5-Apr-17,4,Apr,1,2020,3,1,SPRING,A,4.0,A,4.0,pass,1,pass,1
17,FALL,209,0,#N/A,#N/A,#N/A,#N/A,21-Aug-17,P093001886,3fdd3efb,18-Aug-17,8,Aug,0,2020,3,1,SPRING,D,1.0,C,2.0,fail,0,pass,1
17,FALL,209,0,#N/A,#N/A,#N/A,#N/A,21-Aug-17,P093001886,3fdc0f3b,23-Mar-17,3,Mar,1,2018,1,1,SUMMER,F,0.0,C,2.0,fail,0,pass,1
17,FALL,209,0,#N/A,#N/A,#N/A,#N/A,21-Aug-17,P093001886,3fdbd0d9,5-Apr-17,4,Apr,1,2018,1,1,SPRING,B-,2.7,D,1.0,pass,1,fail,0
17,FALL,209,0,#N/A,#N/A,#N/A,#N/A,21-Aug-17,P093001886,3ba49ef1,15-Aug-17,8,Aug,0,2017,0,0,FALL,F,0.0,F,0.0,fail,0,fail,0
17,FALL,209,0,#N/A,#N/A,#N/A,#N/A,21-Aug-17,P008616066,3fdbb53b,5-Apr-17,4,Apr,1,2020,3,1,SPRING,B,3.0,D,1.0,pass,1,fail,0
17,FALL,209,0,#N/A,#N/A,#N/A,#N/A,21-Aug-17,P008616066,3fdc0b3f,5-Apr-17,4,Apr,1,2020,3,1,SPRING,B,3.0,C,2.0,pass,1,pass,1
17,FALL,209,0,#N/A,#N/A,#N/A,#N/A,21-Aug-17,P008616066,3fdb1c07,4-Apr-17,4,Apr,1,2019,2,1,SPRING,B,3.0,B,3.0,pass,1,pass,1
17,FALL,209,0,#N/A,#N/A,#N/A,#N/A,21-Aug-17,P008616066,3fd801f7,21-Aug-17,8,Aug,0,2017,0,0,FALL,F,0.0,F,0.0,fail,0,fail,0
17,FALL,209,0,#N/A,#N/A,#N/A,#N/A,21-Aug-17,P008616066,3baa55df,5-Apr-17,4,Apr,1,2018,1,1,SPRING,D,1.0,B+,3.3,fail,0,pass,1
17,FALL,209,0,#N/A,#N/A,#N/A,#N/A,21-Aug-17,P008616066,3fef446b,13-Jul-17,7,Jul,0,2020,3,1,SPRING,D,1.0,D,1.0,fail,0,fail,0
17,FALL,209,0,#N/A,#N/A,#N/A,#N/A,21-Aug-17,P008616066,3ba8c49f,4-Apr-17,4,Apr,1,2018,1,1,FALL,B,3.0,B,3.0,pass,1,pass,1
17,FALL,209,0,#N/A,#N/A,#N/A,#N/A,21-Aug-17,P008616066,3fd93545,5-Apr-17,4,Apr,1,2020,3,1,SPRING,A,4.0,A,4.0,pass,1,pass,1
17,FALL,209,0,#N/A,#N/A,#N/A,#N/A,21-Aug-17,P008616066,3fe55a41,5-Apr-17,4,Apr,1,2020,3,1,SPRING,D-,0.7,D,1.0,fail,0,fail,0
17,FALL,209,0,#N/A,#N/A,#N/A,#N/A,21-Aug-17,P008616066,3babd31f,25-Apr-17,4,Apr,1,2019,2,1,FALL,A-,3.7,B,3.0,pass,1,pass,1
17,FALL,209,0,#N/A,#N/A,#N/A,#N/A,21-Aug-17,P008616066,3ba7fdcb,5-Apr-17,4,Apr,1,2017,0,0,FALL,B+,3.3,C-,1.7,pass,1,pass,1
17,FALL,209,0,#N/A,#N/A,#N/A,#N/A,21-Aug-17,P008616066,3fdb8f11,11-Jun-17,6,Jun,0,2020,3,1,SPRING,B,3.0,B+,3.3,pass,1,pass,1
17,FALL,209,0,#N/A,#N/A,#N/A,#N/A,21-Aug-17,P008616066,3fd6615d,31-Jul-17,7,Jul,0,2018,1,1,SPRING,D+,1.3,D-,0.7,fail,0,fail,0
17,FALL,209,0,#N/A,#N/A,#N/A,#N/A,21-Aug-17,P008616066,3fdbfca3,28-Jul-17,7,Jul,0,2019,2,1,FALL,B,3.0,B,3.0,pass,1,pass,1
17,FALL,209,0,#N/A,#N/A,#N/A,#N/A,21-Aug-17,P008616066,3fe6d245,12-Jul-17,7,Jul,0,2018,1,1,SPRING,A,4.0,A,4.0,pass,1,pass,1
17,FALL,209,0,#N/A,#N/A,#N/A,#N/A,21-Aug-17,P008616066,3fdb1b85,5-Apr-17,4,Apr,1,2020,3,1,SPRING,A,4.0,A,4.0,pass,1,pass,1
17,FALL,209,0,#N/A,#N/A,#N/A,#N/A,21-Aug-17,P008616066,3ba822b5,24-Jul-17,7,Jul,0,2018,1,1,SPRING,B,3.0,B-,2.7,pass,1,pass,1
17,FALL,209,0,#N/A,#N/A,#N/A,#N/A,21-Aug-17,P008616066,3fd718d7,5-Apr-17,4,Apr,1,2020,3,1,SPRING,A-,3.7,A,4.0,pass,1,pass,1
17,FALL,209,0,#N/A,#N/A,#N/A,#N/A,21-Aug-17,P008616066,3ba6d937,20-Mar-17,3,Mar,1,2017,0,0,FALL,B,3.0,A,4.0,pass,1,pass,1
17,FALL,209,0,#N/A,#N/A,#N/A,#N/A,21-Aug-17,P008616066,3fdb21c5,5-Apr-17,4,Apr,1,2020,3,1,SPRING,C-,1.7,C,2.0,pass,1,pass,1
17,FALL,209,0,#N/A,#N/A,#N/A,#N/A,21-Aug-17,P008616066,3bacc2c5,27-Mar-17,3,Mar,1,2019,2,1,SPRING,B,3.0,B,3.0,pass,1,pass,1
17,FALL,209,0,#N/A,#N/A,#N/A,#N/A,21-Aug-17,P008616066,3fd88753,29-Aug-17,8,Aug,0,2017,0,0,FALL,B,3.0,B-,2.7,pass,1,pass,1
17,FALL,209,0,#N/A,#N/A,#N/A,#N/A,21-Aug-17,P008616066,3fd86a1b,5-Apr-17,4,Apr,1,2019,2,1,SPRING,A-,3.7,A-,3.7,pass,1,pass,1
17,FALL,209,0,#N/A,#N/A,#N/A,#N/A,21-Aug-17,P008616066,3fe7b327,9-Aug-17,8,Aug,0,2017,0,0,FALL,D,1.0,F,0.0,fail,0,fail,0
17,FALL,209,0,#N/A,#N/A,#N/A,#N/A,21-Aug-17,P008616066,3fd9359f,5-Apr-17,4,Apr,1,2020,3,1,SPRING,A-,3.7,A,4.0,pass,1,pass,1
17,FALL,209,0,#N/A,#N/A,#N/A,#N/A,21-Aug-17,P008616066,3fe310d3,17-Jul-17,7,Jul,0,2018,1,1,SPRING,F,0.0,D,1.0,fail,0,fail,0
17,FALL,209,0,#N/A,#N/A,#N/A,#N/A,21-Aug-17,P008616066,3fe6b0df,28-Jul-17,7,Jul,0,2018,1,1,SPRING,B,3.0,C,2.0,pass,1,pass,1
17,FALL,209,0,#N/A,#N/A,#N/A,#N/A,21-Aug-17,P008616066,3fdca833,5-Apr-17,4,Apr,1,2020,3,1,SPRING,A-,3.7,A,4.0,pass,1,pass,1
17,FALL,209,0,#N/A,#N/A,#N/A,#N/A,21-Aug-17,P008616066,3fe61f35,14-Jul-17,7,Jul,0,2020,3,1,SPRING,C+,2.3,B,3.0,pass,1,pass,1
17,FALL,209,0,#N/A,#N/A,#N/A,#N/A,21-Aug-17,P100003700,3fe40f33,20-Mar-17,3,Mar,1,2018,1,1,SPRING,A,4.0,A,4.0,pass,1,pass,1
17,FALL,209,0,#N/A,#N/A,#N/A,#N/A,21-Aug-17,P100003700,3fe35f1b,17-Jul-17,7,Jul,0,2018,1,1,FALL,D,1.0,D-,0.7,fail,0,fail,0
17,FALL,209,0,#N/A,#N/A,#N/A,#N/A,21-Aug-17,P100003700,3ba99ba9,28-Apr-17,4,Apr,1,2017,0,0,FALL,D-,0.7,W,0.1,fail,0,W,0
17,FALL,209,0,#N/A,#N/A,#N/A,#N/A,21-Aug-17,P100003700,3ba8af73,22-Aug-17,8,Aug,0,2018,1,1,SPRING,B-,2.7,B,3.0,pass,1,pass,1
17,FALL,209,0,#N/A,#N/A,#N/A,#N/A,21-Aug-17,P100003700,3fda34ef,5-Apr-17,4,Apr,1,2020,3,1,SPRING,B+,3.3,B-,2.7,pass,1,pass,1
17,FALL,209,0,#N/A,#N/A,#N/A,#N/A,21-Aug-17,P100003700,3baa0ac1,23-Aug-17,8,Aug,0,2018,1,1,SPRING,F,0.0,F,0.0,fail,0,fail,0
17,FALL,209,0,#N/A,#N/A,#N/A,#N/A,21-Aug-17,P100003700,3bad67ed,23-Mar-17,3,Mar,1,2018,1,1,SPRING,F,0.0,D,1.0,fail,0,fail,0
17,FALL,209,0,#N/A,#N/A,#N/A,#N/A,21-Aug-17,P100003700,3baa8cf3,25-Aug-17,8,Aug,0,2017,0,0,FALL,,,W,0.1,,,W,0
17,FALL,209,0,#N/A,#N/A,#N/A,#N/A,21-Aug-17,P100003700,3ba8f195,23-Mar-17,3,Mar,1,2018,1,1,SPRING,A+,4.3,A,4.0,pass,1,pass,1
17,FALL,209,0,#N/A,#N/A,#N/A,#N/A,21-Aug-17,P100003700,3fdb93f3,5-Apr-17,4,Apr,1,2019,2,1,SPRING,A-,3.7,A-,3.7,pass,1,pass,1
17,FALL,209,0,#N/A,#N/A,#N/A,#N/A,21-Aug-17,P100003700,3fdf3d87,10-Apr-17,4,Apr,1,2018,1,1,SPRING,D+,1.3,D,1.0,fail,0,fail,0
17,FALL,209,0,#N/A,#N/A,#N/A,#N/A,21-Aug-17,P100003700,3fedfaa7,17-Jul-17,7,Jul,0,2019,2,1,SPRING,D-,0.7,F,0.0,fail,0,fail,0
17,FALL,209,0,#N/A,#N/A,#N/A,#N/A,21-Aug-17,P100003700,3fd88c17,27-Jun-17,6,Jun,0,2018,1,1,SUMMER,C,2.0,B,3.0,pass,1,pass,1
17,FALL,209,0,#N/A,#N/A,#N/A,#N/A,21-Aug-17,P100003700,3fe9594d,18-Aug-17,8,Aug,0,2018,1,1,SPRING,B-,2.7,D,1.0,pass,1,fail,0
17,FALL,209,0,#N/A,#N/A,#N/A,#N/A,21-Aug-17,P100003700,3fe75ca1,22-Apr-17,4,Apr,1,2019,2,1,SPRING,B+,3.3,A,4.0,pass,1,pass,1
17,FALL,209,0,#N/A,#N/A,#N/A,#N/A,21-Aug-17,P100003700,3fef5a9b,21-Aug-17,8,Aug,0,2017,0,0,FALL,B,3.0,W,0.1,pass,1,W,0
17,FALL,209,0,#N/A,#N/A,#N/A,#N/A,21-Aug-17,P100003700,3fe3240b,14-Jul-17,7,Jul,0,2018,1,1,SPRING,C-,1.7,D-,0.7,pass,1,fail,0
17,FALL,209,0,#N/A,#N/A,#N/A,#N/A,21-Aug-17,P100003700,3fdf4d09,5-Apr-17,4,Apr,1,2020,3,1,SPRING,B,3.0,A,4.0,pass,1,pass,1
17,FALL,209,0,#N/A,#N/A,#N/A,#N/A,21-Aug-17,P100003700,3fe44fa7,23-Mar-17,3,Mar,1,2020,3,1,SPRING,B,3.0,B,3.0,pass,1,pass,1
17,FALL,209,0,#N/A,#N/A,#N/A,#N/A,21-Aug-17,P100003700,3fe9083f,12-Jul-17,7,Jul,0,2020,3,1,SPRING,C,2.0,D+,1.3,pass,1,fail,0
17,FALL,209,0,#N/A,#N/A,#N/A,#N/A,21-Aug-17,P100003700,3fe47fe5,28-Jun-17,6,Jun,0,2018,1,1,SPRING,D+,1.3,C,2.0,fail,0,pass,1
17,FALL,209,0,#N/A,#N/A,#N/A,#N/A,21-Aug-17,P100003700,3fe47711,23-May-17,5,May,1,2018,1,1,SPRING,B,3.0,B,3.0,pass,1,pass,1
17,FALL,209,0,#N/A,#N/A,#N/A,#N/A,21-Aug-17,P100003700,3bacf1eb,23-Mar-17,3,Mar,1,2019,2,1,FALL,A-,3.7,A-,3.7,pass,1,pass,1
17,FALL,209,0,#N/A,#N/A,#N/A,#N/A,21-Aug-17,P100003700,3ba8bf27,23-Mar-17,3,Mar,1,2018,1,1,SPRING,A,4.0,A,4.0,pass,1,pass,1
17,FALL,209,0,#N/A,#N/A,#N/A,#N/A,21-Aug-17,P107265288,3fe6f2f7,22-Aug-17,8,Aug,0,2019,2,1,SPRING,A,4.0,B,3.0,pass,1,pass,1
17,FALL,209,0,#N/A,#N/A,#N/A,#N/A,21-Aug-17,P107265288,3fdacbc1,19-Jul-17,7,Jul,0,2018,1,1,SPRING,A,4.0,D,1.0,pass,1,fail,0
17,FALL,209,0,#N/A,#N/A,#N/A,#N/A,21-Aug-17,P107265288,3fe30589,17-Jul-17,7,Jul,0,2018,1,1,FALL,B+,3.3,C,2.0,pass,1,pass,1
17,FALL,209,0,#N/A,#N/A,#N/A,#N/A,21-Aug-17,P107265288,3fe67f9d,20-Aug-17,8,Aug,0,2020,3,1,SPRING,A-,3.7,B,3.0,pass,1,pass,1
17,FALL,209,0,#N/A,#N/A,#N/A,#N/A,21-Aug-17,P107265288,3fe65211,14-Jul-17,7,Jul,0,2020,3,1,SPRING,A,4.0,A,4.0,pass,1,pass,1
17,FALL,209,0,#N/A,#N/A,#N/A,#N/A,21-Aug-17,P107266245,3fdd744d,23-Aug-17,8,Aug,0,2020,3,1,SPRING,A,4.0,A+,4.3,pass,1,pass,1
17,FALL,209,0,#N/A,#N/A,#N/A,#N/A,21-Aug-17,P107266245,3fd6a4a1,14-Aug-17,8,Aug,0,2019,2,1,SPRING,A,4.0,A+,4.3,pass,1,pass,1
17,FALL,209,0,#N/A,#N/A,#N/A,#N/A,21-Aug-17,P107266245,3fe3d58b,19-Jul-17,7,Jul,0,2019,2,1,SPRING,F,0.0,D,1.0,fail,0,fail,0
17,FALL,209,0,#N/A,#N/A,#N/A,#N/A,21-Aug-17,P107266245,3fe7bd27,19-Jul-17,7,Jul,0,2019,2,1,SPRING,F,0.0,W,0.1,fail,0,W,0
17,FALL,209,0,#N/A,#N/A,#N/A,#N/A,21-Aug-17,P107132779,3fd718cd,22-Jul-17,7,Jul,0,2017,0,0,FALL,,,B,3.0,,,pass,1
17,FALL,209,0,#N/A,#N/A,#N/A,#N/A,21-Aug-17,P107132779,350c9e4f,21-Aug-17,8,Aug,0,2019,2,1,SUMMER,,,C,2.0,,,pass,1
17,FALL,209,0,#N/A,#N/A,#N/A,#N/A,21-Aug-17,P107132779,3fd884ab,22-Jul-17,7,Jul,0,2017,0,0,FALL,,,C,2.0,,,pass,1
17,FALL,209,0,#N/A,#N/A,#N/A,#N/A,21-Aug-17,P107132779,3fde43ff,27-Jul-17,7,Jul,0,2018,1,1,FALL,,,B,3.0,,,pass,1
17,FALL,209,0,#N/A,#N/A,#N/A,#N/A,21-Aug-17,P107132779,3fe61157,1-Aug-17,8,Aug,0,2019,2,1,SUMMER,,,C,2.0,,,pass,1
17,FALL,209,0,#N/A,#N/A,#N/A,#N/A,21-Aug-17,P107132779,3bace56b,27-Jul-17,7,Jul,0,2019,2,1,SUMMER,,,B,3.0,,,pass,1
17,FALL,209,0,#N/A,#N/A,#N/A,#N/A,21-Aug-17,P107132779,2fc03a5,22-Jul-17,7,Jul,0,2017,0,0,FALL,,,W,0.1,,,W,0
17,FALL,209,0,#N/A,#N/A,#N/A,#N/A,21-Aug-17,P107132779,3ba5d0a5,27-Jul-17,7,Jul,0,2018,1,1,SPRING,,,C,2.0,,,pass,1
17,FALL,209,0,#N/A,#N/A,#N/A,#N/A,21-Aug-17,P107132779,3fe1f441,1-Aug-17,8,Aug,0,2020,3,1,SPRING,,,B,3.0,,,pass,1
17,FALL,209,0,#N/A,#N/A,#N/A,#N/A,21-Aug-17,P107132779,3fd5bcb7,28-Jul-17,7,Jul,0,2019,2,1,SPRING,,,B,3.0,,,pass,1
17,FALL,209,0,#N/A,#N/A,#N/A,#N/A,21-Aug-17,P107132779,3fea4e9d,27-Jul-17,7,Jul,0,2020,3,1,SPRING,,,C,2.0,,,pass,1
17,FALL,209,0,#N/A,#N/A,#N/A,#N/A,21-Aug-17,P107266174,3fdb0677,27-Jul-17,7,Jul,0,2020,3,1,SPRING,,,A,4.0,,,pass,1
17,FALL,209,0,#N/A,#N/A,#N/A,#N/A,21-Aug-17,P107266174,3fe1ed57,8-Aug-17,8,Aug,0,2019,2,1,FALL,,,B,3.0,,,pass,1
17,FALL,209,0,#N/A,#N/A,#N/A,#N/A,21-Aug-17,P107266174,3bad690f,18-Aug-17,8,Aug,0,2017,0,0,FALL,,,W,0.1,,,W,0
17,FALL,209,0,#N/A,#N/A,#N/A,#N/A,21-Aug-17,P107266174,3fdcbd69,22-Jul-17,7,Jul,0,2018,1,1,SPRING,,,A,4.0,,,pass,1
17,FALL,209,0,#N/A,#N/A,#N/A,#N/A,21-Aug-17,P107266174,3fdb244f,18-Aug-17,8,Aug,0,2019,2,1,SUMMER,,,A,4.0,,,pass,1
17,FALL,209,0,#N/A,#N/A,#N/A,#N/A,21-Aug-17,P107266174,3fdcfc93,22-Jul-17,7,Jul,0,2019,2,1,FALL,,,B,3.0,,,pass,1
17,FALL,209,0,#N/A,#N/A,#N/A,#N/A,21-Aug-17,P107266174,3fdc9299,21-Aug-17,8,Aug,0,2020,3,1,SPRING,,,A,4.0,,,pass,1
17,FALL,209,0,#N/A,#N/A,#N/A,#N/A,21-Aug-17,P107266174,3b9b59c7,15-Aug-17,8,Aug,0,2020,3,1,SPRING,,,C,2.0,,,pass,1
17,FALL,209,0,#N/A,#N/A,#N/A,#N/A,21-Aug-17,P107266174,3fef6275,1-Aug-17,8,Aug,0,2017,0,0,FALL,,,D,1.0,,,fail,0
17,FALL,209,0,#N/A,#N/A,#N/A,#N/A,21-Aug-17,P107266174,3ba88c7d,21-Aug-17,8,Aug,0,2017,0,0,FALL,,,B,3.0,,,pass,1
17,FALL,209,0,#N/A,#N/A,#N/A,#N/A,21-Aug-17,P107266174,3fe57927,27-Jul-17,7,Jul,0,2018,1,1,FALL,,,C,2.0,,,pass,1
17,FALL,209,0,#N/A,#N/A,#N/A,#N/A,21-Aug-17,P107266174,3fe5ef6f,27-Jul-17,7,Jul,0,2020,3,1,SPRING,,,B,3.0,,,pass,1
17,FALL,209,0,#N/A,#N/A,#N/A,#N/A,21-Aug-17,P107266174,3fef72c9,18-Aug-17,8,Aug,0,2019,2,1,FALL,,,A,4.0,,,pass,1
17,FALL,209,0,#N/A,#N/A,#N/A,#N/A,21-Aug-17,P107266174,3fdf3ee5,27-Jul-17,7,Jul,0,2018,1,1,SUMMER,,,A,4.0,,,pass,1
17,FALL,209,0,#N/A,#N/A,#N/A,#N/A,21-Aug-17,P107266174,3fe5dba1,27-Jul-17,7,Jul,0,2020,3,1,SPRING,,,A,4.0,,,pass,1
17,FALL,209,0,#N/A,#N/A,#N/A,#N/A,21-Aug-17,P107266174,3fef0f69,22-Jul-17,7,Jul,0,2020,3,1,SPRING,,,A,4.0,,,pass,1